0x401005,0x41feb8
0x401010,0x41febc
0x401015,0x41feb8
0x40101b,0x41ff18
0x401025,0x41feb0
0x401021,0x41feb4
0x40102a,0x41feb0
0x401031,0x41e6c4
0x40104a,0x41feb0
0x401060,0x41fec4
0x40106e,0x41feb0
0x4010af,0x41b030
0x4011df,0x41feb4
0x4011e5,0x41feb0
0x4011f3,0x41feb4
0x4011fd,0x41feb0
0x401424,0x455f68
0x40142b,0x41b6f8
0x40145f,0x41b030
0x4014ce,0x455f68
0x4014ef,0x455f68
0x401518,0x41feb0
0x40151d,0x41feb0
0x401525,0x41feb0
0x401531,0x41feb0
0x40154a,0x455f68
0x401558,0x41feb0
0x401560,0x41feb0
0x401569,0x41feb0
0x4015cd,0x455f68
0x4015db,0x455f68
0x4015ff,0x42a2e8
0x40160b,0x42a2ec
0x401614,0x42a2f0
0x40161d,0x42a2f4
0x40162e,0x42a2e8
0x40163a,0x42a2ec
0x401643,0x42a2f0
0x40164c,0x42a2f4
0x401695,0x42a2e8
0x4016a1,0x42a2ec
0x4016aa,0x42a2f0
0x4016b3,0x42a2f4
0x4016c4,0x42a2e8
0x4016d0,0x42a2ec
0x4016d9,0x42a2f0
0x4016e2,0x42a2f4
0x40171b,0x41feb0
0x40174e,0x41feb0
0x401756,0x41feb0
0x401760,0x41feb0
0x401779,0x455f68
0x401787,0x41feb0
0x40178f,0x41feb0
0x401798,0x41feb0
0x4017e8,0x41e6b0
0x401837,0x41feb0
0x40183c,0x41feb0
0x401844,0x41feb0
0x40184c,0x41feb0
0x40186b,0x41feb0
0x401873,0x41feb0
0x40187c,0x41feb0
0x4018a8,0x41e6b0
0x4018c8,0x41feb0
0x4018d0,0x41feb0
0x4018d8,0x41feb0
0x4018df,0x41feb0
0x401913,0x41feb0
0x401918,0x41feb0
0x40191f,0x41feb0
0x40192a,0x41feb0
0x401944,0x455f68
0x401953,0x41feb0
0x40195b,0x41feb0
0x401963,0x41feb0
0x401981,0x41feb0
0x401989,0x41feb0
0x401994,0x41feb0
0x40199b,0x41feb0
0x4019b1,0x41feb4
0x4019b6,0x41feb0
0x4019c4,0x41feb4
0x4019cc,0x41feb0
0x4019e6,0x42a95f
0x4019eb,0x41fed0
0x401a01,0x41fec0
0x401a19,0x41fec0
0x401a21,0x41fed0
0x401a2d,0x41ff10
0x401a43,0x41ff10
0x401a4e,0x41fec0
0x401a54,0x41fec0
0x401a62,0x41fed0
0x401a68,0x41fec1
0x401a70,0x41fec1
0x401aad,0x41fec0
0x401ab3,0x41fec0
0x401ac0,0x41ff10
0x401ac9,0x41ff10
0x401ad3,0x41fec0
0x401ae3,0x41fed0
0x401afa,0x41fec1
0x401b11,0x41fed0
0x401b27,0x41fec1
0x401b69,0x455f68
0x401b7b,0x41fec0
0x401b83,0x41fec0
0x401b8b,0x41fec1
0x401b91,0x41fec1
0x401b9c,0x41fec0
0x401bb0,0x41ff10
0x401bea,0x455f68
0x401bfc,0x41fec0
0x401c04,0x41fec0
0x401c0c,0x41fec1
0x401c12,0x41fec1
0x401c1d,0x41fec0
0x401c31,0x41ff10
0x401c41,0x41fed0
0x401c58,0x41fec1
0x401c6f,0x41fed0
0x401c82,0x41fec1
0x401cc4,0x455f68
0x401cd6,0x41fec0
0x401cde,0x41fec0
0x401ce6,0x41fec1
0x401cec,0x41fec1
0x401cf7,0x41fec0
0x401d0b,0x41ff10
0x401d5c,0x455f68
0x401d6a,0x41feb0
0x401d73,0x41feb0
0x401d7c,0x41feb0
0x401d83,0x41feb0
0x401d9d,0x41fec0
0x401da5,0x41fec0
0x401dad,0x41fec1
0x401db3,0x41fec1
0x401dbe,0x41fec0
0x401dd2,0x41ff10
0x401ddc,0x42b844
0x401e07,0x42b844
0x401e62,0x455f68
0x401ea8,0x455f68
0x401ebe,0x42b844
0x401ee9,0x42b844
0x401f41,0x455f68
0x401f9a,0x455f68
0x40200d,0x41ff18
0x40201d,0x41feb4
0x402022,0x41feb0
0x402030,0x41feb4
0x40203a,0x41feb0
0x402047,0x42a95f
0x40204c,0x41fed0
0x402065,0x41fec0
0x40207b,0x41fec0
0x402082,0x41fec0
0x40208d,0x41fed0
0x402094,0x41fed0
0x40209a,0x41fec1
0x4020a2,0x41fec1
0x4020bb,0x41fec0
0x4020dc,0x41fec1
0x4020ea,0x41ff10
0x4020f9,0x41feb8
0x402101,0x41feb8
0x40210b,0x41feb8
0x402112,0x41feb8
0x402126,0x41ff18
0x40212f,0x41ff18
0x40213d,0x41ff18
0x402149,0x41feb0
0x40214e,0x41feb8
0x402153,0x41feb8
0x40215e,0x41feb8
0x402166,0x41feb8
0x40216c,0x41feb0
0x402174,0x41feb0
0x40217e,0x41feb0
0x402195,0x41ff18
0x40219e,0x41ff18
0x4021a6,0x41ff14
0x4021b3,0x41ff14
0x4021bb,0x41ff18
0x4021da,0x41feb8
0x4021df,0x41feb8
0x4021ea,0x41feb8
0x4021f2,0x41feb8
0x4021f8,0x41feb0
0x402200,0x41feb0
0x402208,0x41feb0
0x40220f,0x41feb0
0x402221,0x41ff18
0x402227,0x41ff14
0x40222f,0x41ff18
0x402242,0x41ff18
0x40225c,0x41feb4
0x402261,0x41feb0
0x40226f,0x41feb4
0x40227b,0x41feb0
0x402283,0x41feb8
0x40228b,0x41feb8
0x402293,0x41feb8
0x402299,0x41feb8
0x4022ac,0x41ff18
0x4022b4,0x41ff18
0x4022c1,0x41feb4
0x4022cb,0x41ff18
0x4022d8,0x41feb4
0x4022e7,0x41feb0
0x4022f5,0x41feb4
0x4022ff,0x41feb0
0x40230c,0x42a95f
0x402311,0x41fed0
0x40232a,0x41fec0
0x402340,0x41fec0
0x402347,0x41fec0
0x402350,0x41fed0
0x402359,0x41fed0
0x40235f,0x41fec1
0x402367,0x41fec1
0x402380,0x41fec0
0x40239f,0x41fec1
0x4023ad,0x41ff10
0x4023bc,0x41feb8
0x4023c4,0x41feb8
0x4023d0,0x41feb8
0x4023d7,0x41feb8
0x4023ea,0x41ff18
0x4023f4,0x41ff18
0x402412,0x41ff18
0x402461,0x41ff9c
0x40246e,0x41ff9c
0x40247b,0x42a2d0
0x402480,0x456360
0x402486,0x4024e0
0x402490,0x41ff5c
0x402496,0x418164
0x402496,0x418164
0x4024ad,0x418158
0x4024ad,0x418158
0x4024b8,0x418160
0x4024b8,0x418160
0x4024c1,0x41815c
0x4024c1,0x41815c
0x4024c6,0x41ff9c
0x4024cd,0x41ff9c
0x40251a,0x4181a8
0x402545,0x41ff30
0x402561,0x41ff34
0x40256a,0x418178
0x402587,0x41ff20
0x402598,0x41ff24
0x4025ae,0x41ff38
0x4025c4,0x41ff28
0x4025cb,0x41ff20
0x4025d0,0x41ff54
0x4025da,0x41ff20
0x4025e0,0x41ff60
0x4025f7,0x41b038
0x4025fc,0x41b04c
0x402603,0x41b070
0x402608,0x41b084
0x40260f,0x418174
0x40260f,0x418174
0x402615,0x42a2d0
0x402625,0x418170
0x402625,0x418170
0x40262c,0x41816c
0x40262c,0x41816c
0x402632,0x41ff5c
0x40264b,0x4181a8
0x4026a0,0x41ff20
0x4026aa,0x41ff20
0x4026b4,0x41ff20
0x4026b9,0x41ff60
0x4026ea,0x41ff30
0x4026f0,0x41ff34
0x402705,0x41ff24
0x402717,0x418168
0x402717,0x418168
0x40271c,0x41ff38
0x40272b,0x418168
0x40272b,0x418168
0x402778,0x41ff28
0x40278e,0x41ff54
0x4027b1,0x42a13c
0x4027bb,0x42a13c
0x4027e5,0x4180e0
0x4027e5,0x4180e0
0x4027f1,0x42a118
0x4027f9,0x42a11c
0x402802,0x42a120
0x40280b,0x42a124
0x402815,0x42a118
0x402811,0x42a260
0x402831,0x41b174
0x40283b,0x42a160
0x402840,0x42a2a4
0x402845,0x41b184
0x40284a,0x41b18c
0x402850,0x42a260
0x40285a,0x418074
0x40285a,0x418074
0x402863,0x42a160
0x402869,0x42a160
0x402872,0x42a160
0x402877,0x4027d0
0x402891,0x42a13c
0x4028a6,0x42a14c
0x4028ab,0x42a148
0x4028b4,0x41b0b8
0x4028cc,0x42a144
0x4028d5,0x42a13c
0x4028e3,0x41b0f4
0x4028f3,0x41b0c0
0x4028fd,0x42a144
0x402904,0x42a14c
0x402918,0x42a140
0x40291e,0x4181b4
0x40292c,0x42a140
0x402932,0x42a144
0x402938,0x42a14c
0x402942,0x42a150
0x402948,0x42a28c
0x402956,0x42a110
0x40295c,0x4181b8
0x40295c,0x4181b8
0x402961,0x42a110
0x402968,0x4181bc
0x402968,0x4181bc
0x40296d,0x42a288
0x402973,0x42a150
0x402983,0x456364
0x40298a,0x41806c
0x40298a,0x41806c
0x402991,0x418070
0x402991,0x418070
0x402996,0x42a288
0x40299c,0x42a2d8
0x4029a5,0x42a284
0x4029b0,0x42a288
0x4029bc,0x42a284
0x4029c2,0x42a288
0x4029c7,0x42a280
0x4029d7,0x42a280
0x4029dd,0x42a27c
0x4029e3,0x456368
0x4029ed,0x42a13c
0x402a05,0x41b0c0
0x402a0b,0x41ffb4
0x402a12,0x41b0f4
0x402a20,0x402c10
0x402a26,0x41b0f4
0x402a2c,0x41b0bc
0x402a38,0x41b0bc
0x402a44,0x41b0bc
0x402a60,0x41ffa4
0x402a66,0x41b0c0
0x402a8b,0x41b0f8
0x402a91,0x41b0c4
0x402a98,0x41b0c0
0x402aaa,0x42a150
0x402ab0,0x42a28c
0x402abe,0x42a110
0x402ac4,0x4181b8
0x402ac4,0x4181b8
0x402aca,0x42a110
0x402ad1,0x4181bc
0x402ad1,0x4181bc
0x402ad6,0x42a288
0x402adc,0x42a150
0x402aec,0x456364
0x402af3,0x41806c
0x402af3,0x41806c
0x402afa,0x418070
0x402afa,0x418070
0x402aff,0x42a288
0x402b05,0x42a2d8
0x402b0e,0x42a284
0x402b19,0x42a288
0x402b25,0x42a284
0x402b2b,0x42a288
0x402b30,0x42a280
0x402b40,0x42a280
0x402b46,0x42a27c
0x402b4c,0x456368
0x402b61,0x41b0d0
0x402b77,0x41b0d4
0x402b8b,0x41b0cc
0x402b91,0x41b0c8
0x402b9d,0x41b0ec
0x402ba4,0x41b0e0
0x402baa,0x41b0dc
0x402bb6,0x41b0f0
0x402bc2,0x41b0e8
0x402bcd,0x41b0e4
0x402beb,0x41b0d8
0x402bf6,0x42a148
0x402bfc,0x42a140
0x402c10,0x402a24
0x402c14,0x402a2a
0x402c18,0x402a36
0x402c1c,0x402a36
0x402c21,0x42a140
0x402c2e,0x4181c0
0x402c2e,0x4181c0
0x402c33,0x42a134
0x402c39,0x42a144
0x402c43,0x42a14c
0x402c49,0x41b0b8
0x402c53,0x41ffc4
0x402c59,0x41ffc8
0x402c5e,0x41ffc0
0x402c63,0x42a140
0x402c6b,0x41ffcc
0x402c77,0x42a140
0x402c7d,0x42a144
0x402c83,0x42a14c
0x402c8d,0x42a150
0x402c93,0x42a28c
0x402c9e,0x4181b4
0x402c9e,0x4181b4
0x402ca5,0x42a110
0x402cab,0x4181b8
0x402cab,0x4181b8
0x402cb1,0x42a110
0x402cb8,0x4181bc
0x402cb8,0x4181bc
0x402cbd,0x42a288
0x402cc3,0x42a150
0x402cd3,0x456364
0x402cda,0x41806c
0x402cda,0x41806c
0x402ce1,0x418070
0x402ce1,0x418070
0x402ce6,0x42a288
0x402cec,0x42a2d8
0x402cf5,0x42a284
0x402d00,0x42a288
0x402d0c,0x42a284
0x402d12,0x42a288
0x402d17,0x42a280
0x402d27,0x42a280
0x402d2d,0x42a27c
0x402d33,0x456368
0x402d41,0x42a140
0x402d52,0x42a140
0x402d58,0x42a144
0x402d5e,0x42a14c
0x402d68,0x42a150
0x402d6e,0x42a28c
0x402d79,0x4181b4
0x402d79,0x4181b4
0x402d80,0x42a110
0x402d86,0x4181b8
0x402d86,0x4181b8
0x402d8b,0x42a110
0x402d92,0x4181bc
0x402d92,0x4181bc
0x402d97,0x42a288
0x402d9d,0x42a150
0x402dad,0x456364
0x402db4,0x41806c
0x402db4,0x41806c
0x402dbb,0x418070
0x402dbb,0x418070
0x402dc0,0x42a288
0x402dc6,0x42a2d8
0x402dcf,0x42a284
0x402dda,0x42a288
0x402de6,0x42a284
0x402dec,0x42a288
0x402df1,0x42a280
0x402e01,0x42a280
0x402e07,0x42a27c
0x402e0d,0x456368
0x402e21,0x41b0b8
0x402e3c,0x4181d0
0x402e42,0x42a148
0x402e48,0x42a140
0x402e54,0x41b0b8
0x402e68,0x41b194
0x402e72,0x418040
0x402e72,0x418040
0x402e78,0x41b0b8
0x402e7d,0x42a264
0x402e82,0x42a264
0x402e93,0x41ffc0
0x402e98,0x42a10c
0x402ea0,0x41b0b8
0x402eaf,0x42a0d0
0x402eb9,0x41ffc0
0x402eb5,0x42a13c
0x402ec8,0x42a14c
0x402ed8,0x42a148
0x402ee2,0x418060
0x402ee2,0x418060
0x402eeb,0x41b1a0
0x402ef2,0x418064
0x402ef2,0x418064
0x402efb,0x41b1b0
0x402f13,0x42a154
0x402f19,0x4181b4
0x402f25,0x42a158
0x402f39,0x4181b8
0x402f39,0x4181b8
0x402f44,0x4181bc
0x402f44,0x4181bc
0x402f4a,0x42a270
0x402f54,0x42a274
0x402f5e,0x41b0b8
0x402f64,0x418068
0x402f74,0x42a140
0x402f7c,0x42a140
0x402f82,0x42a144
0x402f88,0x42a14c
0x402fa1,0x41b0b8
0x402faa,0x41b0b8
0x402fb4,0x42a15c
0x402fc5,0x42a15c
0x402fea,0x42a154
0x402ff0,0x4181b4
0x402fff,0x42a158
0x403013,0x4181b8
0x403013,0x4181b8
0x40301e,0x4181bc
0x40301e,0x4181bc
0x403024,0x42a270
0x40302e,0x42a274
0x403038,0x41b0b8
0x40303e,0x418068
0x40304e,0x42a140
0x403056,0x42a140
0x40305c,0x42a144
0x403062,0x42a14c
0x40307c,0x41b0b8
0x403085,0x41b0b8
0x40308f,0x42a15c
0x4030bf,0x42a154
0x4030c5,0x4181b4
0x4030d4,0x42a158
0x4030e8,0x4181b8
0x4030e8,0x4181b8
0x4030f3,0x4181bc
0x4030f3,0x4181bc
0x4030f9,0x42a270
0x403103,0x42a274
0x40310d,0x41b0b8
0x403113,0x418068
0x403123,0x42a140
0x40312b,0x42a140
0x403131,0x42a144
0x403137,0x42a14c
0x403151,0x41b0b8
0x40315a,0x41b0b8
0x403164,0x42a15c
0x403174,0x42a15c
0x40318a,0x42a15c
0x403197,0x42a154
0x40319d,0x4181b4
0x4031ac,0x42a158
0x4031c0,0x4181b8
0x4031c0,0x4181b8
0x4031cb,0x4181bc
0x4031cb,0x4181bc
0x4031d1,0x42a270
0x4031db,0x42a274
0x4031e5,0x41b0b8
0x4031eb,0x418068
0x4031ff,0x42a140
0x40322a,0x42a154
0x403230,0x4181b4
0x40323f,0x42a158
0x403253,0x4181b8
0x403253,0x4181b8
0x40325e,0x4181bc
0x40325e,0x4181bc
0x403264,0x42a270
0x40326e,0x42a274
0x403278,0x41b0b8
0x40327e,0x418068
0x403293,0x41b0b8
0x40329c,0x41b0b8
0x4032a6,0x42a15c
0x4032b3,0x42a15c
0x4032c2,0x42a15c
0x4032c7,0x42a264
0x4032e5,0x42a15c
0x40332e,0x4181b8
0x40332e,0x4181b8
0x403339,0x4181b0
0x403339,0x4181b0
0x40333f,0x4181c4
0x40334b,0x4043c0
0x403356,0x42a13c
0x40335b,0x42a154
0x403367,0x404150
0x403372,0x41b0b8
0x403377,0x42a158
0x403391,0x42a154
0x40339c,0x4181b4
0x4033ac,0x42a158
0x4033b9,0x4181b8
0x4033c8,0x4181bc
0x4033d5,0x42a270
0x4033df,0x42a274
0x4033e9,0x41b0b8
0x4033fd,0x42a140
0x403409,0x42a140
0x40340f,0x42a144
0x403415,0x42a14c
0x40341f,0x42a150
0x403425,0x42a28c
0x403433,0x42a110
0x40343b,0x42a110
0x403443,0x42a288
0x403449,0x42a150
0x403459,0x456364
0x403460,0x41806c
0x403460,0x41806c
0x403467,0x418070
0x403467,0x418070
0x40346c,0x42a288
0x403472,0x42a2d8
0x40347b,0x42a284
0x403486,0x42a288
0x403492,0x42a284
0x403498,0x42a288
0x40349d,0x42a280
0x4034ad,0x42a280
0x4034b3,0x42a27c
0x4034b9,0x456368
0x4034c4,0x41b0b8
0x4034cb,0x418068
0x4034cb,0x418068
0x4034d1,0x41b0b8
0x4034db,0x42a15c
0x4034e7,0x42a15c
0x4034f6,0x42a15c
0x4034fb,0x42a264
0x403506,0x418068
0x403506,0x418068
0x403522,0x42a148
0x403531,0x456368
0x403547,0x42a294
0x40354d,0x42a298
0x403553,0x42a29c
0x40355e,0x42a150
0x403564,0x42a28c
0x40356f,0x4181b4
0x40356f,0x4181b4
0x403576,0x42a110
0x40357c,0x4181b8
0x40357c,0x4181b8
0x403581,0x42a110
0x403588,0x4181bc
0x403588,0x4181bc
0x40358d,0x42a288
0x403593,0x42a150
0x4035a3,0x456364
0x4035aa,0x41806c
0x4035aa,0x41806c
0x4035b1,0x418070
0x4035b1,0x418070
0x4035b6,0x42a288
0x4035bc,0x42a2d8
0x4035c5,0x42a284
0x4035d0,0x42a288
0x4035dc,0x42a284
0x4035e2,0x42a288
0x4035e7,0x42a280
0x4035f7,0x42a280
0x4035fd,0x42a27c
0x403603,0x456368
0x403610,0x41b148
0x403615,0x41b118
0x40361e,0x41b120
0x403627,0x41ffa8
0x40362d,0x42a128
0x403637,0x42a130
0x40363d,0x42a138
0x403647,0x41ffb0
0x403651,0x41ffa0
0x40365c,0x41b130
0x403661,0x41b100
0x40366a,0x41b108
0x403673,0x41ffa8
0x403679,0x42a128
0x403683,0x42a130
0x403689,0x42a138
0x403693,0x41ffb0
0x40369d,0x41ffa0
0x4036bd,0x42a128
0x4036c3,0x42a260
0x4036c9,0x42a12c
0x4036d1,0x42a280
0x4036d7,0x41ffb8
0x4036e9,0x42a280
0x4036f9,0x42a280
0x403707,0x42a280
0x403718,0x42a284
0x40371d,0x41b160
0x40372a,0x42a280
0x403736,0x42a280
0x403744,0x42a284
0x403754,0x42a280
0x40375a,0x41ffa8
0x403760,0x42a288
0x403770,0x42a284
0x40377b,0x42a280
0x403789,0x42a280
0x403797,0x42a27c
0x4037a3,0x42a28c
0x4037a9,0x42a150
0x4037af,0x456368
0x4037c1,0x42a29c
0x4037c7,0x42a298
0x4037cd,0x42a294
0x4037e1,0x42a288
0x4037ed,0x42a284
0x4037f8,0x42a288
0x403804,0x42a284
0x40380a,0x42a288
0x40380f,0x42a280
0x40381f,0x42a280
0x403825,0x42a27c
0x40382b,0x456368
0x403841,0x42a27c
0x403860,0x42a288
0x40386b,0x42a28c
0x40387d,0x42a130
0x40389b,0x42a288
0x4038aa,0x42a288
0x4038b9,0x42a280
0x4038bf,0x41ffa8
0x4038c6,0x42a288
0x4038dd,0x42a288
0x4038f0,0x42a130
0x403908,0x42a130
0x403926,0x42a130
0x40392b,0x42a288
0x403936,0x41ffac
0x403946,0x42a288
0x40395e,0x42a288
0x403980,0x42a110
0x403986,0x4181b8
0x403986,0x4181b8
0x40398b,0x42a110
0x403992,0x4181b0
0x403992,0x4181b0
0x403998,0x41b0bc
0x4039a0,0x403a60
0x4039a9,0x4181c4
0x4039a9,0x4181c4
0x4039b0,0x42a150
0x4039b7,0x42a288
0x4039ca,0x42a28c
0x4039d0,0x42a2d8
0x4039d8,0x42a290
0x4039f1,0x42a150
0x4039f7,0x42a28c
0x403a06,0x4181b4
0x403a06,0x4181b4
0x403a0d,0x42a110
0x403a13,0x4181b8
0x403a13,0x4181b8
0x403a18,0x42a110
0x403a1f,0x4181bc
0x403a1f,0x4181bc
0x403a24,0x42a288
0x403a2a,0x42a150
0x403a3e,0x456364
0x403a45,0x41806c
0x403a45,0x41806c
0x403a4c,0x418070
0x403a4c,0x418070
0x403a52,0x42a2d8
0x403a61,0x42a26c
0x403a72,0x42a26c
0x403a7d,0x42a144
0x403a8d,0x4181c0
0x403a8d,0x4181c0
0x403a93,0x42a134
0x403a99,0x41ffa4
0x403aa9,0x42a140
0x403ab5,0x42a140
0x403abb,0x42a144
0x403ac1,0x42a14c
0x403acb,0x42a150
0x403ad1,0x42a28c
0x403adc,0x4181b4
0x403adc,0x4181b4
0x403ae3,0x42a110
0x403ae9,0x4181b8
0x403ae9,0x4181b8
0x403aef,0x42a110
0x403af6,0x4181bc
0x403af6,0x4181bc
0x403afb,0x42a288
0x403b01,0x42a150
0x403b11,0x456364
0x403b18,0x41806c
0x403b18,0x41806c
0x403b1f,0x418070
0x403b1f,0x418070
0x403b25,0x42a2d8
0x403b3f,0x42a28c
0x403b4a,0x42a290
0x403b54,0x42a290
0x403b60,0x42a148
0x403b6b,0x42a13c
0x403b71,0x41b0c8
0x403b87,0x41b0cc
0x403b91,0x41b0c8
0x403b9e,0x41b0cc
0x403ba8,0x42a13c
0x403bb4,0x41b0d0
0x403bcb,0x41b0d0
0x403bd5,0x42a13c
0x403be1,0x41b0d4
0x403bf0,0x41b0d4
0x403bff,0x42a13c
0x403c0b,0x41b0e0
0x403c15,0x41b0dc
0x403c25,0x41b0ec
0x403c35,0x41b0e8
0x403c45,0x41b0e4
0x403c55,0x41b0f0
0x403c65,0x41b0e0
0x403c71,0x41b0dc
0x403c7d,0x41b0ec
0x403c89,0x41b0e8
0x403c95,0x41b0e4
0x403ca9,0x41b0f0
0x403ccc,0x42a13c
0x403cd8,0x41b0d8
0x403ce3,0x41b0d8
0x403cee,0x42a148
0x403cf4,0x41b0b8
0x403d1a,0x42a288
0x403d41,0x42a288
0x403d54,0x42a130
0x403d6e,0x42a288
0x403d8b,0x42a288
0x403d9e,0x42a130
0x403db2,0x42a12c
0x403dcc,0x42a138
0x403ddb,0x42a130
0x403de7,0x41ffac
0x403df1,0x41ffb8
0x403e13,0x41ffac
0x403e4b,0x41ffa0
0x403e65,0x41ffb0
0x403e75,0x42a13c
0x403e9c,0x42a268
0x403ea6,0x42a268
0x403eae,0x42a268
0x403eca,0x41ffb4
0x403f1e,0x42a13c
0x403f2b,0x42a13c
0x403f4b,0x42a13c
0x403f71,0x42a268
0x403f78,0x42a268
0x403f8b,0x42a13c
0x403f9d,0x42a14c
0x403fac,0x41ffb4
0x403fb6,0x41ffac
0x403fc0,0x41ffb0
0x403fc6,0x42a128
0x403fcb,0x42a130
0x403fd5,0x41ffac
0x403fe3,0x41ffac
0x403ff1,0x42a130
0x403ff8,0x42a288
0x40400b,0x42a290
0x404011,0x42a290
0x40401d,0x41b0b8
0x404039,0x42a28c
0x404042,0x42a27c
0x404051,0x42a28c
0x404057,0x418170
0x404057,0x418170
0x404067,0x42a28c
0x404071,0x42a28c
0x404079,0x42a27c
0x404086,0x418170
0x404086,0x418170
0x404096,0x42a27c
0x4040a5,0x42a28c
0x4040ab,0x418170
0x4040ab,0x418170
0x4040bb,0x42a28c
0x4040c2,0x42a27c
0x4040cf,0x418170
0x4040cf,0x418170
0x4040df,0x42a26c
0x4040f3,0x41b0b8
0x404114,0x42a28c
0x40411a,0x42a27c
0x404126,0x418170
0x404126,0x418170
0x404142,0x42a278
0x404151,0x42a274
0x40415e,0x42a274
0x404166,0x42a274
0x404171,0x41b0b8
0x404195,0x42a268
0x40419f,0x42a268
0x4041aa,0x42a264
0x4041b2,0x418024
0x4041b2,0x418024
0x4041c4,0x41803c
0x4041c9,0x41b0b8
0x404215,0x41b0b8
0x40427b,0x42a264
0x404283,0x418024
0x404283,0x418024
0x404293,0x418044
0x404293,0x418044
0x40429d,0x42a27c
0x4042ab,0x42a28c
0x4042b4,0x42a27c
0x4042c2,0x42a28c
0x4042c9,0x418170
0x4042c9,0x418170
0x4042cf,0x42a268
0x4042d4,0x42a274
0x4042dd,0x42a274
0x4042f1,0x42a268
0x4042fc,0x42a268
0x404305,0x42a268
0x404311,0x42a13c
0x40435f,0x42a13c
0x40436c,0x42a13c
0x40438c,0x42a13c
0x4043a3,0x42a268
0x4043a9,0x42a268
0x4043c2,0x42a270
0x4043d2,0x42a270
0x4043db,0x42a270
0x4043e6,0x42a2a0
0x4043ed,0x418170
0x4043f3,0x41b0b8
0x404411,0x42a27c
0x404420,0x42a28c
0x404428,0x42a2a0
0x404432,0x42a2a0
0x404463,0x42a2a0
0x404477,0x42a140
0x40447f,0x4181c0
0x40447f,0x4181c0
0x404484,0x42a134
0x40448a,0x42a144
0x404494,0x42a14c
0x40449a,0x41b0b8
0x4044a4,0x41ffc4
0x4044aa,0x41ffc8
0x4044af,0x41ffc0
0x4044b4,0x42a140
0x4044bc,0x41ffcc
0x4044c8,0x42a140
0x4044ce,0x42a144
0x4044d4,0x42a14c
0x4044de,0x42a150
0x4044e4,0x42a28c
0x4044ef,0x4181b4
0x4044ef,0x4181b4
0x4044f6,0x42a110
0x4044fc,0x4181b8
0x4044fc,0x4181b8
0x404502,0x42a110
0x404509,0x4181bc
0x404509,0x4181bc
0x40450e,0x42a288
0x404514,0x42a150
0x404524,0x456364
0x40452b,0x41806c
0x40452b,0x41806c
0x404532,0x418070
0x404532,0x418070
0x404537,0x42a288
0x40453d,0x42a2d8
0x404546,0x42a284
0x404551,0x42a288
0x40455d,0x42a284
0x404563,0x42a288
0x404568,0x42a280
0x404578,0x42a280
0x40457e,0x42a27c
0x404584,0x456368
0x404592,0x42a2a0
0x4045a6,0x42a140
0x4045ae,0x4181c0
0x4045ae,0x4181c0
0x4045b3,0x42a134
0x4045b9,0x42a144
0x4045c3,0x42a14c
0x4045c9,0x41b0b8
0x4045d3,0x41ffc8
0x4045d9,0x41ffc4
0x4045de,0x41ffcc
0x4045e3,0x42a140
0x4045eb,0x41ffc0
0x4045f7,0x42a140
0x4045fd,0x42a144
0x404603,0x42a14c
0x40460d,0x42a150
0x404613,0x42a28c
0x40461e,0x4181b4
0x40461e,0x4181b4
0x404625,0x42a110
0x40462b,0x4181b8
0x40462b,0x4181b8
0x404631,0x42a110
0x404638,0x4181bc
0x404638,0x4181bc
0x40463d,0x42a288
0x404643,0x42a150
0x404652,0x456364
0x404659,0x41806c
0x404659,0x41806c
0x404660,0x418070
0x404660,0x418070
0x404665,0x42a288
0x40466b,0x42a2d8
0x404674,0x42a284
0x40467f,0x42a288
0x40468b,0x42a284
0x404691,0x42a288
0x404696,0x42a280
0x4046a6,0x42a280
0x4046ac,0x42a27c
0x4046b2,0x456368
0x4046c2,0x42a2a0
0x4046dc,0x42a2a0
0x4046e4,0x42a2d0
0x4046f9,0x42a2a0
0x404700,0x456364
0x404707,0x41806c
0x404707,0x41806c
0x40470e,0x418070
0x40470e,0x418070
0x404714,0x42a2d0
0x404728,0x41806c
0x404728,0x41806c
0x40472f,0x418070
0x40472f,0x418070
0x40473a,0x42a2a0
0x40474d,0x42a270
0x404756,0x42a270
0x4047bf,0x4181e0
0x4047c9,0x41b6b8
0x4047d1,0x41b6bc
0x4047d7,0x41b6b8
0x4047dd,0x41b6fc
0x4048e5,0x42a966
0x4048eb,0x42a965
0x4048fc,0x41b1f0
0x404905,0x41b1ec
0x40499b,0x4049c8
0x4049c8,0x40499f
0x4049cc,0x40499f
0x4049d0,0x4049ba
0x4049d4,0x4049aa
0x4049d8,0x4049b3
0x4049fb,0x404a5c
0x404a11,0x455d61
0x404a21,0x4181e0
0x404a27,0x44587c
0x404a5c,0x4049ff
0x404a60,0x404a4f
0x404a64,0x404a0a
0x404a68,0x404a2d
0x404a6c,0x404a36
0x404a70,0x404a3f
0x404a74,0x404a48
0x404a92,0x4181e0
0x404a9c,0x41b6b8
0x404aa4,0x41b6bc
0x404aaa,0x41b6b8
0x404ab0,0x41b6fc
0x404ada,0x418030
0x404ada,0x418030
0x404afb,0x41b318
0x404b00,0x41b328
0x404b07,0x418174
0x404b07,0x418174
0x404b17,0x41b378
0x404b1c,0x41b388
0x404b23,0x418174
0x404b23,0x418174
0x404b3c,0x418140
0x404b3c,0x418140
0x404b66,0x418144
0x404b66,0x418144
0x404b97,0x41814c
0x404b97,0x41814c
0x404ba0,0x41b3c4
0x404bc0,0x418144
0x404bc0,0x418144
0x404bd5,0x418148
0x404bd5,0x418148
0x404bfb,0x41b3cc
0x404c00,0x41b3dc
0x404c07,0x41b428
0x404c0c,0x41b438
0x404c13,0x418174
0x404c13,0x418174
0x404c22,0x418010
0x404c33,0x41b218
0x404c47,0x41b248
0x404c4e,0x41800c
0x404c4e,0x41800c
0x404c59,0x418008
0x404c59,0x418008
0x404c6a,0x41b258
0x404c77,0x4181a4
0x404c8a,0x41b290
0x404cbb,0x418004
0x404cd5,0x41b2a4
0x404ceb,0x418008
0x404ceb,0x418008
0x404cf8,0x41b2b4
0x404cfe,0x4180e0
0x404cfe,0x4180e0
0x404d0f,0x41b2c8
0x404d51,0x418000
0x404d5a,0x41b2dc
0x404d68,0x418008
0x404d68,0x418008
0x404d7f,0x418008
0x404d7f,0x418008
0x404d92,0x418060
0x404d92,0x418060
0x404da5,0x41802c
0x404da5,0x41802c
0x404db9,0x41b480
0x404dc8,0x41b494
0x404dd2,0x41b2e8
0x404dd9,0x42a2a8
0x404de5,0x418028
0x404df9,0x418044
0x404df9,0x418044
0x404e46,0x42a2a8
0x404e4e,0x42a2a8
0x404e5a,0x41b4a4
0x404e64,0x41b2e8
0x404e7b,0x418044
0x404e7b,0x418044
0x404ec8,0x42a2a8
0x404ed0,0x42a2a8
0x404edc,0x41b4b4
0x404ee6,0x41b2e8
0x404efd,0x418044
0x404efd,0x418044
0x404f4a,0x42a2a8
0x404f52,0x42a2a8
0x404f5e,0x41b4c4
0x404f68,0x41b2e8
0x404f7f,0x418044
0x404f7f,0x418044
0x404fcc,0x42a2a8
0x404fd4,0x42a2a8
0x404fe0,0x41b4d4
0x404fea,0x41b2e8
0x405001,0x418044
0x405001,0x418044
0x405048,0x42a2a8
0x405050,0x42a2a8
0x405055,0x42a2a8
0x40506e,0x41b2f0
0x40507a,0x41b300
0x40508e,0x41b304
0x40509a,0x42a2a8
0x4050aa,0x41b310
0x4050c7,0x42a2a8
0x4050d4,0x42a2a8
0x4050de,0x42a2a8
0x4050ff,0x41b4e4
0x405104,0x41b4f4
0x405110,0x41b548
0x405115,0x41b558
0x40511c,0x418174
0x40511c,0x418174
0x40512b,0x418154
0x40512b,0x418154
0x40514a,0x41b5b4
0x405150,0x418184
0x405150,0x418184
0x40516a,0x456360
0x405170,0x418048
0x405170,0x418048
0x405176,0x41806c
0x40517b,0x42a2b0
0x405182,0x42a2c0
0x40518b,0x418078
0x40518b,0x418078
0x405190,0x456364
0x405195,0x42a2b0
0x40519e,0x41807c
0x40519e,0x41807c
0x4051aa,0x418188
0x4051aa,0x418188
0x4051c3,0x41b5dc
0x4051d3,0x405340
0x4051e5,0x41818c
0x4051e5,0x41818c
0x40520c,0x42a2cc
0x405211,0x42a2c8
0x405223,0x41b604
0x405228,0x41b614
0x405230,0x42a2cc
0x405236,0x42a2c8
0x405248,0x41b63c
0x40524d,0x41b64c
0x405258,0x418190
0x405258,0x418190
0x405272,0x42a2d0
0x405278,0x418160
0x405278,0x418160
0x4052a0,0x41b674
0x4052a6,0x418038
0x4052a6,0x418038
0x4052ab,0x41b680
0x4052b2,0x418034
0x4052b2,0x418034
0x4052cd,0x418194
0x4052e2,0x418198
0x4052e7,0x42a2d4
0x405302,0x41819c
0x405302,0x41819c
0x40530d,0x4181a0
0x40530d,0x4181a0
0x40538c,0x418070
0x405392,0x41807c
0x4053ae,0x42a2d8
0x4053b8,0x418048
0x4053b8,0x418048
0x4053be,0x41804c
0x4053c4,0x42a2b4
0x4053cb,0x42a2b8
0x4053d0,0x42a2b0
0x4053d9,0x42a2c0
0x4053de,0x42a2bc
0x4053e5,0x418078
0x4053e5,0x418078
0x4053eb,0x42a2b4
0x4053f3,0x42a2c4
0x4053fa,0x42a2b0
0x405405,0x42a2c0
0x40541a,0x42a2dc
0x405424,0x456364
0x40542b,0x41806c
0x40542b,0x41806c
0x405433,0x42a2dc
0x40545f,0x42a2c4
0x405465,0x42a2c0
0x40546f,0x42a2b8
0x405474,0x42a2b4
0x40547e,0x42a2bc
0x405484,0x42a2b0
0x405490,0x42a2dc
0x4054a2,0x42a2d8
0x4054ac,0x42a2dc
0x4054b6,0x418048
0x4054b6,0x418048
0x4054bc,0x41804c
0x4054c2,0x42a2b4
0x4054c9,0x42a2b8
0x4054ce,0x42a2b0
0x4054d7,0x42a2c0
0x4054dc,0x42a2bc
0x4054e3,0x418078
0x4054e3,0x418078
0x4054e9,0x42a2b4
0x4054ef,0x41807c
0x4054f7,0x42a2c4
0x4054fe,0x42a2b0
0x405509,0x42a2c0
0x405512,0x418070
0x405512,0x418070
0x405521,0x42a2dc
0x40552d,0x41817c
0x40552d,0x41817c
0x40553e,0x456364
0x405544,0x41806c
0x40554d,0x418070
0x4055b0,0x405624
0x4055b7,0x405610
0x4055d7,0x41817c
0x4055d7,0x41817c
0x4055e3,0x42a2d4
0x405605,0x418180
0x405605,0x418180
0x405610,0x4055c7
0x405614,0x4055bb
0x405618,0x4055e2
0x40561c,0x4055d3
0x405620,0x4055f3
0x4056c5,0x42a2e0
0x40573b,0x42a2e0
0x4058f1,0x42a2e0
0x4058fb,0x42a2e0
0x40591d,0x42a2e0
0x4059a1,0x42a2fc
0x4059a7,0x42a2f8
0x4059ac,0x42a37c
0x4059bb,0x42a37c
0x4059c7,0x42a3fc
0x4059d3,0x42a37c
0x4059d8,0x42a47c
0x4059e4,0x42a2f8
0x4059e9,0x42a4fc
0x4059f5,0x42a2f8
0x4059fa,0x42a700
0x405a18,0x42ba08
0x405a21,0x42a910
0x405a31,0x42a2f4
0x405a3c,0x41b6a8
0x405a58,0x41b698
0x405a5e,0x42a2ec
0x405a74,0x42a2e8
0x405a7c,0x42a2f0
0x405a82,0x42a910
0x405aee,0x42b950
0x405af5,0x42a2f8
0x405b04,0x42a4fc
0x405b0d,0x42a2f8
0x405b49,0x42a2f8
0x405b52,0x42a2f8
0x405b61,0x42a2f8
0x405b8b,0x42b950
0x405b9b,0x41b6b8
0x405ba5,0x41b6bc
0x405baf,0x41b6fc
0x405bcd,0x42aa0c
0x405bd6,0x42a908
0x405be6,0x42a908
0x405bf3,0x42b948
0x405bfa,0x42b94e
0x405c01,0x42b94c
0x405c0b,0x42b950
0x405c2d,0x42a2f8
0x405c5e,0x42a2f8
0x405c71,0x42a2f8
0x405d34,0x4181e4
0x405d63,0x42ba08
0x405d8e,0x42ba08
0x405db9,0x42ba08
0x405f2d,0x4065c0
0x405f43,0x4181e8
0x405f65,0x42ba08
0x405fc4,0x42ba08
0x406032,0x4181e0
0x406142,0x4181e0
0x4061f7,0x4181e0
0x406205,0x4181e8
0x40623f,0x4181e8
0x406279,0x4181e8
0x4062c6,0x4181ec
0x4062ef,0x42ba08
0x40631a,0x42ba08
0x406345,0x42ba08
0x406378,0x4181ec
0x4063a4,0x42ba08
0x4063cf,0x42ba08
0x4063fa,0x42ba08
0x406438,0x4181f0
0x406461,0x42ba08
0x40648c,0x42ba08
0x4064b7,0x42ba08
0x406507,0x4181e0
0x406515,0x4181e8
0x40654f,0x4181e8
0x406589,0x4181e8
0x4065c5,0x4181e8
0x4065f6,0x42a4fc
0x406609,0x42a2f8
0x40660e,0x42a4fc
0x406616,0x42a700
0x406622,0x42a2f8
0x406627,0x42a700
0x40664a,0x42ba08
0x406653,0x42a95f
0x406666,0x42a2ec
0x406675,0x42a2f0
0x40667c,0x42a2e8
0x406682,0x42a2f4
0x406688,0x42a95f
0x4066ee,0x42b99f
0x4066f5,0x42a2f8
0x406704,0x42a4fc
0x40670d,0x42a2f8
0x406749,0x42a2f8
0x406752,0x42a2f8
0x406761,0x42a2f8
0x406786,0x42b99f
0x406792,0x41b6bc
0x406798,0x4181f4
0x4067a1,0x41b6b8
0x4067ac,0x41b6fc
0x40690e,0x41b6c0
0x40696e,0x42a2f8
0x40697f,0x42a2f8
0x406992,0x42a2f8
0x4069a3,0x42a2f8
0x4069b8,0x42a967
0x4069c8,0x42a2e8
0x4069ce,0x42a2ec
0x4069dc,0x42a2f0
0x4069e5,0x42a2f4
0x406a6b,0x4181c0
0x406a6b,0x4181c0
0x406a71,0x441848
0x406a76,0x441048
0x406a84,0x441848
0x406a89,0x441448
0x406a93,0x455d10
0x406a9d,0x44184c
0x406aa3,0x455888
0x406aad,0x455d14
0x406ab7,0x441848
0x406abd,0x44586c
0x406acb,0x441024
0x406ad1,0x41b708
0x406ae8,0x455f68
0x406af7,0x407af4
0x406afd,0x440d88
0x406b0b,0x440e08
0x406b21,0x42bd88
0x406bdd,0x4189f4
0x406bef,0x4189f0
0x406c02,0x4189f0
0x406c0c,0x40e270
0x406c13,0x40e390
0x406c21,0x4189f0
0x406c27,0x41b6f4
0x406c33,0x40e520
0x406c3a,0x40e680
0x406c44,0x40e840
0x406c4b,0x40e9d0
0x406c5b,0x407fe0
0x406c61,0x440e08
0x406c6e,0x455d68
0x406c83,0x42bd88
0x406c89,0x434d88
0x406c93,0x43ad88
0x406ca9,0x455d68
0x406cae,0x407f10
0x406cb4,0x440d88
0x406ce6,0x440d88
0x406cee,0x440d88
0x406cfd,0x40dff0
0x406d04,0x40dd90
0x406d0d,0x40d8b0
0x406d14,0x40d6f0
0x406d38,0x441044
0x406d44,0x4181e8
0x406d4c,0x4189ec
0x406d54,0x441044
0x406d60,0x4181e8
0x406d68,0x4189e8
0x406d70,0x441044
0x406d7c,0x4189e4
0x406d84,0x4189e0
0x406da4,0x4189dc
0x406db6,0x4189dc
0x406dec,0x4189e8
0x406eba,0x407b10
0x406ed1,0x40aeb0
0x406edb,0x40b280
0x406ee1,0x408110
0x406eed,0x40b000
0x406ef7,0x40b3c0
0x406efd,0x408180
0x406f09,0x40aeb0
0x406f13,0x40b140
0x406f19,0x408090
0x406f22,0x4189d8
0x406fda,0x440e08
0x406fe1,0x455f68
0x406fed,0x440d88
0x406ffb,0x440e08
0x407011,0x42bd88
0x4070bf,0x4189f4
0x4070d3,0x4189f0
0x4070e3,0x4189f0
0x4070ed,0x40e270
0x4070f4,0x40e390
0x4070ff,0x4189f0
0x407105,0x41b6f4
0x407111,0x40e520
0x407118,0x40e680
0x407122,0x40e840
0x407129,0x40e9d0
0x407157,0x407fe0
0x4071f1,0x4189f4
0x407201,0x407fe0
0x40720c,0x440d88
0x40721a,0x440e08
0x407230,0x42bd88
0x4072ec,0x4189f4
0x40730a,0x407fe0
0x407310,0x440e08
0x407317,0x455f68
0x40731e,0x440d88
0x40733c,0x42bd88
0x407444,0x440d88
0x40744c,0x440d88
0x407463,0x40dd90
0x40746a,0x40d6f0
0x4074cf,0x455904
0x4075b1,0x4189f0
0x4075c4,0x4189f0
0x4075ce,0x40e270
0x4075d5,0x40e390
0x4075e3,0x4189f0
0x4075e8,0x41b6f4
0x4075f6,0x40e520
0x4075fd,0x40e680
0x407607,0x40e840
0x40760e,0x40e9d0
0x40762e,0x4189f4
0x40763a,0x4189f4
0x407652,0x4189f4
0x407666,0x4189d4
0x40766c,0x4189f4
0x4076bf,0x440d88
0x4076c6,0x440e08
0x4076e6,0x455d14
0x4076f3,0x455d60
0x407703,0x455d60
0x40770a,0x455d63
0x407716,0x41b6cc
0x40771c,0x4189d0
0x40772d,0x455d64
0x407732,0x455d65
0x40774b,0x445860
0x407753,0x41b6cc
0x407759,0x455d62
0x407760,0x455d66
0x407768,0x4189cc
0x40776e,0x455d61
0x407774,0x4189c8
0x40777a,0x445878
0x407780,0x4189d4
0x407786,0x445870
0x40778c,0x41b6cc
0x407792,0x4189c4
0x407798,0x4189c0
0x4077a4,0x445878
0x4077aa,0x445874
0x4077b6,0x4189bc
0x4077bc,0x445880
0x4077c8,0x4189b8
0x4077ce,0x445884
0x4077d7,0x4181e0
0x4077dd,0x44587c
0x4077e3,0x445878
0x4077ee,0x445860
0x4077f7,0x455d62
0x4077ff,0x445858
0x40780b,0x40b5f0
0x407807,0x445864
0x407815,0x40b4f0
0x407811,0x445868
0x407821,0x40b790
0x40781d,0x445864
0x40782b,0x40b6c0
0x407827,0x445868
0x407831,0x445858
0x407836,0x44585c
0x40783e,0x41b704
0x40784a,0x445864
0x407851,0x441850
0x407856,0x445850
0x40785c,0x445868
0x407862,0x441848
0x407868,0x44585c
0x407875,0x44585c
0x40787c,0x441850
0x407881,0x44586c
0x407886,0x455d10
0x407893,0x455d18
0x4078a2,0x455888
0x4078a8,0x45589c
0x4078ae,0x4558a0
0x4078b4,0x445888
0x4078b9,0x455898
0x4078bf,0x41b700
0x4078f3,0x44102c
0x4078ff,0x44184c
0x407905,0x4558cc
0x40791f,0x441030
0x407927,0x4558b4
0x40793f,0x441034
0x407947,0x441038
0x40794d,0x44184c
0x40795c,0x445888
0x407961,0x455888
0x40796f,0x4181c0
0x40796f,0x4181c0
0x407978,0x44101c
0x407981,0x441020
0x40798c,0x44101c
0x407991,0x441020
0x4079a9,0x44101c
0x4079af,0x441020
0x4079b9,0x4189b4
0x4079bf,0x441028
0x4079c5,0x441028
0x4079cb,0x441040
0x4079db,0x41b6d4
0x4079e1,0x41b6d4
0x4079ed,0x441028
0x4079f3,0x4189f4
0x407a00,0x441028
0x407a06,0x441040
0x407a0c,0x4189c8
0x407a27,0x41b6d8
0x407a2d,0x41b6d8
0x407a35,0x441028
0x407a3b,0x441040
0x407a41,0x4189c8
0x407a5b,0x4189f4
0x407a61,0x441028
0x407a68,0x4189f4
0x407a76,0x41b6d8
0x407a82,0x41b6dc
0x407a8c,0x41b6d4
0x407a9b,0x441028
0x407aa1,0x44103c
0x407ab6,0x41b6dc
0x407abc,0x41b6dc
0x407ace,0x41b6dc
0x407ad8,0x41b6d4
0x407ae2,0x41b6d8
0x407af4,0x40731c
0x407af8,0x406afb
0x407afc,0x406feb
0x407b00,0x40720a
0x407b29,0x44103c
0x407b3a,0x41b6e0
0x407b46,0x41b6f8
0x407b4c,0x41b6d8
0x407b56,0x41b6d4
0x407b60,0x441020
0x407b6a,0x41b6dc
0x407b74,0x441040
0x407b81,0x41b6f4
0x407b87,0x41b6cc
0x407b91,0x441848
0x407b97,0x455d04
0x407ba1,0x455d0c
0x407bab,0x441044
0x407bb6,0x41b6f4
0x407bbc,0x41b6cc
0x407bc6,0x441848
0x407bd0,0x455d04
0x407bda,0x455d0c
0x407be4,0x441044
0x407bee,0x41b6cc
0x407bf4,0x4189d4
0x407bf9,0x41b6ec
0x407bfe,0x41b700
0x407c06,0x455d08
0x407c10,0x418a00
0x407c16,0x44184c
0x407c1c,0x44101c
0x407c22,0x441028
0x407c2c,0x41b6e8
0x407c33,0x41b6d0
0x407c3f,0x445888
0x407c4a,0x41b700
0x407c4f,0x41b6f4
0x407c59,0x4188d8
0x407c5e,0x455d18
0x407c66,0x41b6ec
0x407c74,0x40bb60
0x407c70,0x44102c
0x407c7e,0x40bd10
0x407c7a,0x441030
0x407c88,0x40bf20
0x407c84,0x441034
0x407c92,0x40c130
0x407c8e,0x441038
0x407c9e,0x40c950
0x407c9a,0x44102c
0x407ca8,0x40cae0
0x407ca4,0x441030
0x407cb2,0x40ccc0
0x407cae,0x441034
0x407cbc,0x40cea0
0x407cb8,0x441038
0x407cca,0x440e88
0x407cdb,0x441018
0x407ce1,0x4189fc
0x407ceb,0x4189f8
0x407cf7,0x440e88
0x407cfd,0x441018
0x407d0d,0x4189ae
0x407d12,0x441850
0x407d1b,0x44586c
0x407d21,0x44585c
0x407d27,0x41b6f0
0x407d37,0x41b704
0x407d3d,0x41b6f0
0x407d51,0x41b704
0x407d60,0x418980
0x407d68,0x455d60
0x407d72,0x455d64
0x407d7b,0x455d66
0x407d8a,0x418981
0x407d8f,0x455d61
0x407d95,0x4181e8
0x407d9a,0x42ba10
0x407da2,0x4189f8
0x407daa,0x42bd88
0x407db0,0x41b6cc
0x407dbd,0x418a00
0x407dcb,0x440e08
0x407dd0,0x455d68
0x407dde,0x440d88
0x407dea,0x455f68
0x407def,0x434d88
0x407e02,0x43ad88
0x407e19,0x440d88
0x407e21,0x441028
0x407e32,0x441028
0x407e49,0x440d88
0x407e66,0x4189f4
0x407e94,0x44103c
0x407e99,0x441040
0x407ea5,0x4189f0
0x407eb5,0x4189f0
0x407ebf,0x40e270
0x407ec6,0x40e390
0x407ed2,0x4189f0
0x407ed7,0x41b6f4
0x407ee5,0x40e520
0x407eec,0x40e680
0x407ef7,0x40e840
0x407efe,0x40e9d0
0x407fa9,0x4189f4
0x407fbe,0x4181e8
0x408077,0x4189f4
0x40809c,0x418a08
0x4080af,0x418a08
0x4080b5,0x4189f4
0x4080c9,0x418a04
0x4080de,0x418a08
0x40811c,0x418a08
0x40812f,0x418a08
0x408135,0x4189f4
0x408145,0x418a04
0x408156,0x418a08
0x408167,0x418a08
0x408174,0x418a0c
0x40818a,0x418a08
0x40819d,0x418a08
0x4081a3,0x4189f4
0x4081af,0x418a04
0x4081c0,0x418a08
0x4081d0,0x418a10
0x408203,0x41b6d0
0x40820f,0x41b6d0
0x40821d,0x418a14
0x408245,0x418a00
0x40825c,0x4189f0
0x40827f,0x42ba10
0x408288,0x418a00
0x408291,0x4189f0
0x408298,0x42ba14
0x4082e9,0x4083ac
0x4082ef,0x408550
0x4082f7,0x4083e0
0x4082ff,0x408430
0x408307,0x408460
0x40830f,0x408490
0x40831e,0x4085b0
0x408326,0x4084d0
0x40832e,0x408510
0x408349,0x4189d8
0x408390,0x4189f4
0x4083a4,0x4083d0
0x4083ac,0x4082ed
0x4083b0,0x4082f5
0x4083b4,0x4082fd
0x4083b8,0x408305
0x4083bc,0x40830d
0x4083c0,0x408315
0x4083c4,0x408324
0x4083c8,0x40832c
0x4083d2,0x4181e8
0x4083ea,0x4189d8
0x4083f7,0x4189d8
0x408402,0x4189f4
0x40840f,0x418a18
0x40841c,0x4189d8
0x408423,0x418a08
0x40843a,0x4189d8
0x408447,0x4189d8
0x408450,0x4189f4
0x40846a,0x4189d8
0x408477,0x4189d8
0x408480,0x4189f4
0x40849a,0x4189d8
0x4084a7,0x4189d8
0x4084b0,0x4189f4
0x4084bd,0x418a10
0x4084c4,0x4189f4
0x4084da,0x4189d8
0x4084e9,0x4189d8
0x4084ef,0x4083d0
0x4084f8,0x4189d4
0x4084fe,0x4189f4
0x40851a,0x4189d8
0x408529,0x4189d8
0x40852f,0x4083d0
0x408538,0x4189d4
0x40853e,0x4189f4
0x408560,0x4189d8
0x40856d,0x4189d8
0x408576,0x418a1c
0x408589,0x440e88
0x408590,0x440e8c
0x4085c2,0x4189d8
0x4085d3,0x4189d8
0x4085f2,0x418a20
0x4085f8,0x4189f4
0x408615,0x4189ac
0x40861f,0x41b6f0
0x40862d,0x41b704
0x408633,0x41b6f0
0x408641,0x441850
0x40864c,0x41b704
0x40865f,0x418980
0x408667,0x455d60
0x408671,0x455d64
0x40867a,0x455d66
0x408689,0x418981
0x40868e,0x455d61
0x4086a1,0x455d62
0x4086ad,0x41b704
0x4086bb,0x441850
0x4086c6,0x41b704
0x4086d0,0x455d62
0x4086d6,0x455d60
0x4086e1,0x455d63
0x4086ed,0x41b704
0x4086fb,0x441850
0x408706,0x41b704
0x408710,0x455d63
0x408716,0x455d60
0x408721,0x455d64
0x40872d,0x41b704
0x40873b,0x441850
0x408746,0x41b704
0x408750,0x455d64
0x408756,0x455d60
0x408761,0x455d65
0x40876d,0x41b704
0x40877b,0x441850
0x408786,0x41b704
0x408790,0x455d65
0x408796,0x455d60
0x4087a1,0x41b704
0x4087af,0x441850
0x4087ba,0x41b704
0x4087d2,0x455d24
0x4087df,0x41b6e4
0x4087e5,0x418a24
0x4087f4,0x418a24
0x4087fa,0x455d1c
0x408802,0x4558c4
0x40880a,0x455d30
0x408814,0x418a24
0x408823,0x418a24
0x408829,0x455d28
0x408831,0x4558b0
0x40884d,0x41b6e8
0x40885b,0x41b700
0x408861,0x41b6e8
0x40886f,0x445888
0x40887a,0x41b700
0x408888,0x455d18
0x40888f,0x4187b8
0x40889e,0x41b6ec
0x4088a9,0x41b6ec
0x4088b7,0x41b6e4
0x4088c3,0x4187c4
0x4088c9,0x4187d0
0x4088cf,0x455d24
0x4088d5,0x4187d4
0x4088db,0x455d24
0x4088e1,0x455d30
0x4088e7,0x455d34
0x4088ed,0x418a24
0x4088fc,0x418a24
0x408902,0x455d1c
0x40890a,0x4558c4
0x408912,0x41b6e4
0x408918,0x455d30
0x40891e,0x418a24
0x40892d,0x418a24
0x408933,0x455d28
0x40893b,0x4558b0
0x408943,0x41b6ec
0x408959,0x41b6ec
0x40896b,0x418a28
0x408971,0x455d34
0x408982,0x41b6e8
0x408988,0x41b6ec
0x4089a6,0x418968
0x4089ac,0x418a28
0x4089b2,0x455d30
0x4089b8,0x455d24
0x4089c1,0x41b6f4
0x4089cf,0x40bb60
0x4089cb,0x44102c
0x4089d9,0x40bd10
0x4089d5,0x441030
0x4089e3,0x40bf20
0x4089df,0x441034
0x4089ed,0x40c130
0x4089e9,0x441038
0x4089f8,0x40c950
0x4089f4,0x44102c
0x408a02,0x40cae0
0x4089fe,0x441030
0x408a0c,0x40ccc0
0x408a08,0x441034
0x408a16,0x40cea0
0x408a12,0x441038
0x408a22,0x41b6e4
0x408a28,0x455d24
0x408a2d,0x455d20
0x408a33,0x455d2c
0x408a38,0x4558c8
0x408a3e,0x455d18
0x408a48,0x418a24
0x408a52,0x445888
0x408a4e,0x455888
0x408a58,0x4558a8
0x408a62,0x4558a4
0x408a6c,0x455900
0x408a76,0x4558fc
0x408a80,0x4558ac
0x408a8f,0x418a24
0x408a95,0x455d1c
0x408a9d,0x4558c4
0x408aa5,0x455d30
0x408aab,0x41b6e4
0x408ab1,0x418a24
0x408ac0,0x418a24
0x408ac5,0x455d38
0x408ace,0x455d3a
0x408add,0x455d3c
0x408ae5,0x45588c
0x408af7,0x455890
0x408b02,0x455d3e
0x408b0c,0x455894
0x408b19,0x455898
0x408b1f,0x44184c
0x408b2a,0x455d50
0x408b35,0x45589c
0x408b3e,0x4558dc
0x408b45,0x455d52
0x408b4a,0x455d54
0x408b57,0x4558ec
0x408b60,0x4558e0
0x408b67,0x455d56
0x408b6c,0x455d40
0x408b79,0x4558f0
0x408b83,0x4558b8
0x408b89,0x455d48
0x408b9b,0x4558bc
0x408ba4,0x455d42
0x408bac,0x455d28
0x408bb6,0x4558c0
0x408bbf,0x455d4a
0x408bcc,0x455d58
0x408bd2,0x4558a0
0x408bdf,0x4558b0
0x408be6,0x455d5a
0x408bf2,0x4558cc
0x408bf7,0x4558e4
0x408bff,0x455d5c
0x408c07,0x455d5e
0x408c16,0x4558f8
0x408c1b,0x455d44
0x408c21,0x4558e8
0x408c27,0x455d4c
0x408c32,0x4558f4
0x408c45,0x455d46
0x408c4d,0x4558d0
0x408c5a,0x455d4e
0x408c62,0x4558d4
0x408c70,0x4558d8
0x408c76,0x4558b4
0x408c81,0x41b700
0x408c8f,0x445888
0x408c9a,0x41b700
0x408cd4,0x455d68
0x408d76,0x4181ec
0x408d95,0x42ba08
0x408dac,0x41965c
0x408dc3,0x418a2c
0x408dd7,0x418a2c
0x408dec,0x418a10
0x408df2,0x4181e8
0x408e85,0x4191ac
0x408e8b,0x419658
0x408e95,0x4193ac
0x408eaa,0x419654
0x408eb0,0x4189f4
0x408ed7,0x4193ac
0x408efb,0x419650
0x408f12,0x41964c
0x408f4b,0x419648
0x408f79,0x419644
0x408f7f,0x4189f4
0x408f95,0x419640
0x408f9b,0x41963c
0x408fa1,0x4181e8
0x408fb0,0x4181e8
0x408fd0,0x418dac
0x408fe2,0x418dac
0x40900e,0x4181e8
0x40901d,0x4181e8
0x409027,0x4181e8
0x409058,0x418cac
0x409085,0x4189f4
0x4090c6,0x4181e0
0x409105,0x419638
0x40911c,0x419634
0x409122,0x4189f4
0x40915e,0x418fac
0x40919f,0x4195ac
0x4091b2,0x4181e0
0x4091b8,0x4189f4
0x4091cb,0x419640
0x4091d1,0x4189f4
0x4091d9,0x4189f4
0x4091e8,0x4189f4
0x4091fe,0x4189f4
0x40920a,0x4189f4
0x409214,0x4189d8
0x40922c,0x4181e8
0x40923a,0x4189f4
0x409244,0x4189f4
0x409255,0x419640
0x40925b,0x4189f4
0x409263,0x4189f4
0x409284,0x4181e0
0x4092ae,0x4181e0
0x4092c1,0x419640
0x4092dd,0x4189f4
0x4092fd,0x419630
0x409319,0x4189f4
0x409337,0x41962c
0x409341,0x4189f4
0x409349,0x41b718
0x409381,0x419640
0x4093aa,0x419644
0x4093b0,0x4189f4
0x4093c6,0x419640
0x4093cc,0x41963c
0x4093d2,0x4181e8
0x4093e1,0x4181e8
0x409401,0x418dac
0x409413,0x418dac
0x409445,0x4181e8
0x409454,0x4181e8
0x40945e,0x4181e8
0x409490,0x418cac
0x4094bd,0x4189f4
0x4094fe,0x4181e0
0x409515,0x455d10
0x40953b,0x41b70c
0x409541,0x455d34
0x409547,0x41b718
0x40954d,0x4181e0
0x40955e,0x41b710
0x40957a,0x455d14
0x40958f,0x4181e0
0x409595,0x44587c
0x4095a0,0x41b714
0x4095a6,0x41b718
0x4095ae,0x4181e8
0x4095d0,0x409710
0x40962e,0x418aac
0x409680,0x418bac
0x40968e,0x419644
0x409694,0x4189f4
0x409710,0x4095d4
0x409714,0x4095dd
0x409718,0x4095e6
0x40971c,0x4095ef
0x409720,0x4095f8
0x409724,0x409601
0x409728,0x40960a
0x40972c,0x409613
0x409797,0x4181ec
0x4097a9,0x419660
0x4097b9,0x4189c8
0x4097c5,0x4181ec
0x4097de,0x4189c8
0x4097ff,0x4181e0
0x4098a9,0x419640
0x4098c0,0x419668
0x4098d4,0x419640
0x4098e6,0x4181e8
0x4098f3,0x4189f4
0x4098fd,0x4189f4
0x409907,0x4181e8
0x40991e,0x4189f4
0x409932,0x4181e8
0x409941,0x4181e8
0x409958,0x419664
0x409968,0x419664
0x4099a4,0x4193ac
0x4099b9,0x4193ac
0x4099e7,0x418140
0x4099e7,0x418140
0x409a13,0x418138
0x409a13,0x418138
0x409a1e,0x418148
0x409a1e,0x418148
0x409a31,0x41813c
0x409a5e,0x418148
0x409a5e,0x418148
0x409a8f,0x418148
0x409a8f,0x418148
0x409ac5,0x41b720
0x409ae7,0x41b71c
0x409aed,0x41b724
0x409b0d,0x418050
0x409b0d,0x418050
0x409b26,0x418148
0x409b26,0x418148
0x409b57,0x418054
0x409b57,0x418054
0x409b76,0x418054
0x409b76,0x418054
0x409b98,0x418054
0x409b98,0x418054
0x409bb8,0x418054
0x409bb8,0x418054
0x409bd7,0x418054
0x409bd7,0x418054
0x409bf7,0x418054
0x409bf7,0x418054
0x409c18,0x418054
0x409c18,0x418054
0x409c21,0x455fec
0x409c51,0x455fec
0x409c57,0x41b72c
0x409c5f,0x41b730
0x409c6c,0x41b730
0x409c76,0x41b738
0x409c7c,0x41b734
0x409c84,0x41b72c
0x409c99,0x41b728
0x409ca2,0x455fec
0x409ca8,0x455d10
0x409cb2,0x455d14
0x409cc1,0x455fec
0x409cd0,0x455fec
0x409ce1,0x455fec
0x409cf1,0x41b728
0x409cf7,0x41b728
0x409d32,0x40a134
0x409d39,0x40a118
0x409d4b,0x455ff0
0x409d56,0x42b948
0x409d69,0x455ff0
0x409d74,0x42b948
0x409d9d,0x40a1e0
0x409da4,0x40a198
0x409dab,0x42b948
0x409dbe,0x42b948
0x409dd1,0x42b948
0x409de4,0x42b948
0x409e02,0x42b948
0x409e19,0x42b948
0x409e2d,0x4189b8
0x409e40,0x42b948
0x409e54,0x4181e0
0x409e63,0x42b948
0x409e74,0x42b948
0x409e85,0x42b948
0x409e96,0x42b948
0x409ea6,0x42b94e
0x409eaf,0x42b94c
0x409ed0,0x42b94c
0x409ee9,0x42b94e
0x409efd,0x42b94c
0x409f06,0x42b94e
0x409f11,0x42b94e
0x409f2a,0x42b94c
0x409f3f,0x42b950
0x409f61,0x42b950
0x409f7c,0x42b94e
0x409f84,0x42b950
0x409f96,0x42b948
0x409fa4,0x42b948
0x409fb2,0x42b948
0x409fc1,0x42b94c
0x409ffe,0x42b950
0x40a005,0x42b94c
0x40a00d,0x42b948
0x40a01f,0x42b950
0x40a026,0x42b948
0x40a02e,0x42b94c
0x40a040,0x42b950
0x40a047,0x42b94c
0x40a04e,0x42b948
0x40a06c,0x42b950
0x40a073,0x42b94c
0x40a07b,0x42b948
0x40a08a,0x42b950
0x40a091,0x42b948
0x40a0a0,0x42b950
0x40a0a7,0x42b948
0x40a0bc,0x42b948
0x40a0d6,0x42b948
0x40a0eb,0x42b948
0x40a0f5,0x41b728
0x40a0fd,0x41b728
0x40a10c,0x41b728
0x40a118,0x409d64
0x40a11c,0x409d3d
0x40a120,0x409d82
0x40a124,0x40a0e1
0x40a128,0x40a0b2
0x40a12c,0x40a0c7
0x40a130,0x40a0f4
0x40a198,0x409e93
0x40a19c,0x409dff
0x40a1a0,0x409f5e
0x40a1a4,0x409da8
0x40a1a8,0x409dbb
0x40a1ac,0x409dce
0x40a1b0,0x409f3a
0x40a1b4,0x409de1
0x40a1b8,0x409e12
0x40a1bc,0x409e39
0x40a1c0,0x409ecb
0x40a1c4,0x409ea2
0x40a1c8,0x409f0c
0x40a1cc,0x409ef9
0x40a1d0,0x409e82
0x40a1d4,0x409e60
0x40a1d8,0x409e71
0x40a1dc,0x40a0f4
0x40a261,0x455fec
0x40a26e,0x41b728
0x40a274,0x41b728
0x40a299,0x40a314
0x40a2a0,0x40a300
0x40a2df,0x41b728
0x40a2e6,0x41b728
0x40a2f4,0x41b728
0x40a300,0x40a2d1
0x40a304,0x40a2c2
0x40a308,0x40a2a4
0x40a30c,0x40a2b3
0x40a310,0x40a2de
0x40a361,0x455fec
0x40a36a,0x41b728
0x40a370,0x41b728
0x40a381,0x455ff0
0x40a38b,0x455ff0
0x40a399,0x41b728
0x40a39f,0x41b728
0x40a3ab,0x41b728
0x40a3c1,0x455fec
0x40a3de,0x4189f0
0x40a3e4,0x41b6bc
0x40a3ea,0x41b6b8
0x40a3f0,0x41b6bc
0x40a3f6,0x41b6fc
0x40a408,0x455fec
0x40a414,0x41b6bc
0x40a41a,0x418a00
0x40a438,0x455fec
0x40a449,0x418a00
0x40a461,0x455fec
0x40a485,0x455fec
0x40a49c,0x455d10
0x40a4ab,0x455d10
0x40a4b6,0x455d14
0x40a4c5,0x455d14
0x40a4d1,0x455fec
0x40a4e1,0x41b72c
0x40a4ed,0x455fec
0x40a4fb,0x41b738
0x40a501,0x41b734
0x40a510,0x41b72c
0x40a521,0x455fec
0x40a52b,0x41b730
0x40a548,0x455fec
0x40a567,0x4189f0
0x40a56d,0x41b734
0x40a576,0x41b734
0x40a57d,0x4189f0
0x40a583,0x41b738
0x40a589,0x41b738
0x40a5a2,0x455fec
0x40a5c7,0x4189f0
0x40a5cd,0x41b70c
0x40a5e0,0x4189f0
0x40a5e6,0x41b710
0x40a5f7,0x4189f0
0x40a5fd,0x41b714
0x40a60f,0x4189f0
0x40a62d,0x4189f0
0x40a633,0x41b718
0x40a645,0x4189f0
0x40a64b,0x41b6c0
0x40a692,0x42b948
0x40a6a2,0x42ba08
0x40a6b2,0x42b948
0x40a6c2,0x42ba08
0x40a6e6,0x418060
0x40a6e6,0x418060
0x40a6ec,0x418064
0x40a6f5,0x41b77c
0x40a701,0x41b780
0x40a70a,0x41b740
0x40a710,0x418058
0x40a71b,0x41b790
0x40a720,0x41b7a0
0x40a727,0x456038
0x40a72c,0x41b744
0x40a737,0x41b7a8
0x40a73c,0x41b7b4
0x40a744,0x41b748
0x40a74f,0x41b7bc
0x40a754,0x41b7c8
0x40a759,0x45603c
0x40a761,0x41b74c
0x40a766,0x456040
0x40a771,0x41b7d0
0x40a776,0x41b7dc
0x40a77d,0x456044
0x40a782,0x41b750
0x40a78d,0x41b7e4
0x40a792,0x41b7ec
0x40a79a,0x41b754
0x40a7a5,0x41b7f4
0x40a7aa,0x41b7fc
0x40a7af,0x456048
0x40a7b7,0x41b758
0x40a7bc,0x45604c
0x40a7c7,0x41b804
0x40a7cc,0x41b80c
0x40a7d3,0x456050
0x40a7d8,0x41b75c
0x40a7e3,0x41b814
0x40a7e8,0x41b81c
0x40a7f0,0x41b760
0x40a7fb,0x41b824
0x40a800,0x41b82c
0x40a805,0x456054
0x40a80d,0x41b764
0x40a812,0x456058
0x40a81d,0x41b834
0x40a822,0x41b83c
0x40a829,0x45605c
0x40a82e,0x41b768
0x40a839,0x41b844
0x40a83e,0x41b84c
0x40a846,0x41b76c
0x40a851,0x41b854
0x40a856,0x41b85c
0x40a85b,0x456060
0x40a863,0x41b770
0x40a868,0x456064
0x40a873,0x41b864
0x40a878,0x41b870
0x40a87f,0x456068
0x40a884,0x41b774
0x40a88f,0x41b878
0x40a894,0x41b884
0x40a89c,0x41b778
0x40a8a7,0x41b88c
0x40a8ac,0x41b898
0x40a8b1,0x45606c
0x40a8b8,0x456038
0x40a8bd,0x456070
0x40a8cc,0x456038
0x40a8d2,0x456074
0x40a901,0x41b740
0x40a9da,0x41b778
0x40a9f1,0x456074
0x40a9fa,0x455ff8
0x40aa04,0x455ff8
0x40aa2e,0x418060
0x40aa2e,0x418060
0x40aa34,0x418064
0x40aa3d,0x41b8a0
0x40aa49,0x41b8a4
0x40aa51,0x455ff8
0x40aa5f,0x456038
0x40aa65,0x4181a4
0x40aa6b,0x41805c
0x40aa74,0x456038
0x40aa7e,0x41b8b4
0x40aa98,0x41b8b8
0x40aa9d,0x41b8c8
0x40aab0,0x45603c
0x40aab9,0x45603c
0x40aac3,0x41b8d0
0x40aadd,0x41b8d4
0x40aae2,0x41b8e0
0x40aaf5,0x456040
0x40aafe,0x456040
0x40ab08,0x41b8e8
0x40ab22,0x41b8ec
0x40ab27,0x41b8f8
0x40ab3a,0x456044
0x40ab43,0x456044
0x40ab4d,0x41b900
0x40ab67,0x41b904
0x40ab6c,0x41b910
0x40ab7f,0x456048
0x40ab88,0x456048
0x40ab92,0x41b918
0x40abac,0x41b91c
0x40abb1,0x41b924
0x40abc4,0x45604c
0x40abcd,0x45604c
0x40abd7,0x41b92c
0x40abf1,0x41b930
0x40abf6,0x41b938
0x40ac09,0x456050
0x40ac12,0x456050
0x40ac1c,0x41b940
0x40ac36,0x41b944
0x40ac3b,0x41b94c
0x40ac4e,0x456054
0x40ac57,0x456054
0x40ac61,0x41b954
0x40ac7b,0x41b958
0x40ac80,0x41b960
0x40ac93,0x456058
0x40ac9c,0x456058
0x40aca6,0x41b968
0x40acc0,0x41b96c
0x40acc5,0x41b974
0x40acd8,0x45605c
0x40ace1,0x45605c
0x40aceb,0x41b97c
0x40ad05,0x41b980
0x40ad0a,0x41b988
0x40ad1d,0x456060
0x40ad26,0x456060
0x40ad30,0x41b990
0x40ad4a,0x41b994
0x40ad4f,0x41b99c
0x40ad62,0x456064
0x40ad6b,0x456064
0x40ad75,0x41b9a4
0x40ad8f,0x41b9a8
0x40ad94,0x41b9b0
0x40ada7,0x456068
0x40adb0,0x456068
0x40adba,0x41b9b8
0x40add4,0x41b9bc
0x40add9,0x41b9c8
0x40adec,0x45606c
0x40adf5,0x45606c
0x40adff,0x41b9d0
0x40ae19,0x41b9d4
0x40ae1e,0x41b9e0
0x40ae31,0x456070
0x40ae3a,0x456070
0x40ae44,0x41b9e8
0x40ae5e,0x41b9ec
0x40ae63,0x41b9f8
0x40ae72,0x456038
0x40aec4,0x441848
0x40aecb,0x455904
0x40aed0,0x455904
0x40b014,0x441848
0x40b01b,0x455904
0x40b020,0x455904
0x40b151,0x455d08
0x40b159,0x441848
0x40b160,0x455904
0x40b165,0x455904
0x40b209,0x455d0c
0x40b222,0x419670
0x40b228,0x419678
0x40b23a,0x41967c
0x40b248,0x419678
0x40b291,0x455d08
0x40b299,0x441848
0x40b2a0,0x455904
0x40b2a5,0x455904
0x40b349,0x455d0c
0x40b362,0x419670
0x40b368,0x419678
0x40b376,0x41967c
0x40b386,0x419678
0x40b392,0x419678
0x40b39a,0x419680
0x40b3d1,0x455d08
0x40b3d9,0x441848
0x40b3e0,0x455904
0x40b3e5,0x455904
0x40b47d,0x455d0c
0x40b496,0x419670
0x40b49c,0x419678
0x40b4aa,0x41967c
0x40b4bc,0x419678
0x40b4f6,0x445880
0x40b4fc,0x445878
0x40b502,0x445874
0x40b508,0x445870
0x40b50d,0x441048
0x40b518,0x44585c
0x40b51f,0x445860
0x40b524,0x441850
0x40b529,0x441848
0x40b5a5,0x445860
0x40b5d3,0x445870
0x40b5f6,0x445880
0x40b5fc,0x445878
0x40b602,0x445874
0x40b608,0x445870
0x40b60d,0x441048
0x40b613,0x445860
0x40b619,0x44585c
0x40b621,0x441850
0x40b626,0x441848
0x40b6b0,0x445870
0x40b6c6,0x445878
0x40b6cc,0x445874
0x40b6d2,0x445870
0x40b6d7,0x441048
0x40b6e2,0x44585c
0x40b6e9,0x445860
0x40b6ee,0x441850
0x40b6f3,0x441848
0x40b775,0x445870
0x40b795,0x445878
0x40b79b,0x445874
0x40b7a1,0x445870
0x40b7a6,0x441048
0x40b7ac,0x44585c
0x40b7b3,0x445860
0x40b7b8,0x441850
0x40b7bd,0x441848
0x40b841,0x445870
0x40b857,0x419690
0x40b85d,0x419694
0x40b869,0x45588c
0x40b86f,0x455890
0x40b875,0x455894
0x40b87b,0x455898
0x40b880,0x445888
0x40b885,0x44184c
0x40ba15,0x419690
0x40ba1b,0x419694
0x40ba27,0x45588c
0x40ba2d,0x455890
0x40ba33,0x455894
0x40ba39,0x455898
0x40ba3e,0x445888
0x40ba50,0x44184c
0x40bb62,0x419690
0x40bb68,0x419694
0x40bb6e,0x4558a4
0x40bb74,0x4558a8
0x40bb7a,0x455898
0x40bb81,0x445888
0x40bb8d,0x445888
0x40bb95,0x441048
0x40bb9a,0x441848
0x40bbb9,0x445888
0x40bbc1,0x4558ac
0x40bbc6,0x4558b4
0x40bbcf,0x4558b0
0x40bbd8,0x4558b8
0x40bbf4,0x4558bc
0x40bbfc,0x4558c0
0x40bc17,0x4558c8
0x40bc1c,0x4558cc
0x40bc25,0x4558c4
0x40bc2e,0x4558d0
0x40bc4a,0x4558d4
0x40bc52,0x4558d8
0x40bc6a,0x4558dc
0x40bc72,0x4558e0
0x40bc7a,0x4558e4
0x40bc82,0x4558e8
0x40bc8d,0x4558fc
0x40bc9b,0x4558fc
0x40bca6,0x4558ec
0x40bcae,0x4558f0
0x40bcb6,0x4558f4
0x40bcbe,0x4558f8
0x40bccf,0x455900
0x40bcdb,0x455900
0x40bcfd,0x4558a8
0x40bd03,0x4558a4
0x40bd12,0x419690
0x40bd18,0x419694
0x40bd1e,0x4558a4
0x40bd24,0x4558a8
0x40bd2a,0x455898
0x40bd31,0x445888
0x40bd3d,0x445888
0x40bd45,0x441048
0x40bd4a,0x441848
0x40bd66,0x4558ac
0x40bd6b,0x4558b4
0x40bd74,0x4558b0
0x40bd86,0x445888
0x40bd8c,0x4558b8
0x40bd98,0x445888
0x40bdb1,0x4558bc
0x40bdbf,0x445888
0x40bdc4,0x4558c0
0x40bdd2,0x445888
0x40bdea,0x4558c8
0x40bdef,0x4558cc
0x40bdfd,0x445888
0x40be03,0x4558c4
0x40be0c,0x4558d0
0x40be28,0x4558d4
0x40be30,0x4558d8
0x40be48,0x4558dc
0x40be56,0x445888
0x40be5b,0x4558e0
0x40be69,0x445888
0x40be6e,0x4558e4
0x40be76,0x4558e8
0x40be81,0x4558fc
0x40be8f,0x4558fc
0x40be9a,0x4558ec
0x40bea8,0x445888
0x40bead,0x4558f0
0x40bebb,0x445888
0x40bec0,0x4558f4
0x40bec8,0x4558f8
0x40bed9,0x455900
0x40bee5,0x455900
0x40bf07,0x4558a8
0x40bf0d,0x4558a4
0x40bf22,0x419690
0x40bf28,0x419694
0x40bf2e,0x4558a4
0x40bf34,0x4558a8
0x40bf3a,0x455898
0x40bf41,0x445888
0x40bf48,0x445888
0x40bf55,0x441048
0x40bf5a,0x441848
0x40bf76,0x4558ac
0x40bf7b,0x4558b4
0x40bf89,0x445888
0x40bf8f,0x4558b0
0x40bf98,0x4558b8
0x40bfb4,0x4558bc
0x40bfbc,0x4558c0
0x40bfd7,0x4558c8
0x40bfdc,0x4558cc
0x40bfe5,0x4558c4
0x40bff7,0x445888
0x40bffc,0x4558d0
0x40c00a,0x445888
0x40c023,0x4558d4
0x40c031,0x445888
0x40c036,0x4558d8
0x40c044,0x445888
0x40c059,0x4558dc
0x40c061,0x4558e0
0x40c069,0x4558e4
0x40c077,0x445888
0x40c07c,0x4558e8
0x40c08a,0x445888
0x40c092,0x4558fc
0x40c0a0,0x4558fc
0x40c0ab,0x4558ec
0x40c0b3,0x4558f0
0x40c0bb,0x4558f4
0x40c0c9,0x445888
0x40c0ce,0x4558f8
0x40c0dc,0x445888
0x40c0ea,0x455900
0x40c0f6,0x455900
0x40c118,0x4558a8
0x40c11e,0x4558a4
0x40c132,0x419690
0x40c138,0x419694
0x40c13e,0x4558a4
0x40c144,0x4558a8
0x40c14a,0x455898
0x40c151,0x445888
0x40c158,0x445888
0x40c164,0x445888
0x40c16c,0x441048
0x40c171,0x441848
0x40c186,0x4558ac
0x40c18b,0x4558b4
0x40c194,0x4558b0
0x40c19d,0x4558b8
0x40c1b9,0x4558bc
0x40c1c1,0x4558c0
0x40c1dc,0x4558c8
0x40c1e1,0x4558cc
0x40c1ea,0x4558c4
0x40c1f3,0x4558d0
0x40c20f,0x4558d4
0x40c217,0x4558d8
0x40c22f,0x4558dc
0x40c237,0x4558e0
0x40c23f,0x4558e4
0x40c247,0x4558e8
0x40c252,0x4558fc
0x40c260,0x4558fc
0x40c26b,0x4558ec
0x40c273,0x4558f0
0x40c27b,0x4558f4
0x40c283,0x4558f8
0x40c294,0x455900
0x40c2a0,0x455900
0x40c2c4,0x4558a8
0x40c2ca,0x4558a4
0x40c2e2,0x419690
0x40c2e8,0x419694
0x40c2ee,0x4558a4
0x40c2f4,0x4558a8
0x40c2fa,0x455898
0x40c301,0x445888
0x40c30d,0x445888
0x40c315,0x441048
0x40c31a,0x441848
0x40c339,0x445888
0x40c341,0x4558ac
0x40c346,0x4558b4
0x40c34f,0x4558b0
0x40c358,0x4558b8
0x40c374,0x4558bc
0x40c37c,0x4558c0
0x40c397,0x4558c8
0x40c39c,0x4558cc
0x40c3a5,0x4558c4
0x40c3b2,0x4558dc
0x40c3ba,0x4558e0
0x40c3c2,0x4558e4
0x40c3ca,0x4558e8
0x40c3d5,0x4558fc
0x40c3e3,0x4558fc
0x40c3ee,0x4558ec
0x40c3f6,0x4558f0
0x40c3fe,0x4558f4
0x40c406,0x4558f8
0x40c417,0x455900
0x40c423,0x455900
0x40c445,0x4558a8
0x40c44b,0x4558a4
0x40c462,0x419690
0x40c468,0x419694
0x40c46e,0x4558a4
0x40c474,0x4558a8
0x40c47a,0x455898
0x40c481,0x445888
0x40c48d,0x445888
0x40c495,0x441048
0x40c49a,0x441848
0x40c4b6,0x4558ac
0x40c4bb,0x4558b4
0x40c4c4,0x4558b0
0x40c4d6,0x445888
0x40c4dc,0x4558b8
0x40c4e8,0x445888
0x40c501,0x4558bc
0x40c50f,0x445888
0x40c514,0x4558c0
0x40c522,0x445888
0x40c53a,0x4558c8
0x40c53f,0x4558cc
0x40c54d,0x445888
0x40c553,0x4558c4
0x40c560,0x4558dc
0x40c56e,0x445888
0x40c573,0x4558e0
0x40c581,0x445888
0x40c586,0x4558e4
0x40c58e,0x4558e8
0x40c599,0x4558fc
0x40c5a7,0x4558fc
0x40c5b2,0x4558ec
0x40c5c0,0x445888
0x40c5c5,0x4558f0
0x40c5d3,0x445888
0x40c5d8,0x4558f4
0x40c5e0,0x4558f8
0x40c5f1,0x455900
0x40c5fd,0x455900
0x40c61f,0x4558a8
0x40c625,0x4558a4
0x40c632,0x419690
0x40c638,0x419694
0x40c63e,0x4558a4
0x40c644,0x4558a8
0x40c64a,0x455898
0x40c651,0x445888
0x40c658,0x445888
0x40c665,0x441048
0x40c66a,0x441848
0x40c686,0x4558ac
0x40c68b,0x4558b4
0x40c699,0x445888
0x40c69f,0x4558b0
0x40c6a8,0x4558b8
0x40c6c4,0x4558bc
0x40c6cc,0x4558c0
0x40c6e7,0x4558c8
0x40c6ec,0x4558cc
0x40c6f5,0x4558c4
0x40c708,0x445888
0x40c70d,0x4558dc
0x40c715,0x4558e0
0x40c71d,0x4558e4
0x40c72b,0x445888
0x40c730,0x4558e8
0x40c73e,0x445888
0x40c746,0x4558fc
0x40c754,0x4558fc
0x40c75f,0x4558ec
0x40c767,0x4558f0
0x40c76f,0x4558f4
0x40c77d,0x445888
0x40c782,0x4558f8
0x40c790,0x445888
0x40c79e,0x455900
0x40c7aa,0x455900
0x40c7cc,0x4558a8
0x40c7d2,0x4558a4
0x40c7e2,0x419690
0x40c7e8,0x419694
0x40c7ee,0x4558a4
0x40c7f4,0x4558a8
0x40c7fa,0x455898
0x40c801,0x445888
0x40c808,0x445888
0x40c814,0x445888
0x40c81c,0x441048
0x40c821,0x441848
0x40c836,0x4558ac
0x40c83b,0x4558b4
0x40c844,0x4558b0
0x40c84d,0x4558b8
0x40c869,0x4558bc
0x40c871,0x4558c0
0x40c88c,0x4558c8
0x40c891,0x4558cc
0x40c89a,0x4558c4
0x40c8a7,0x4558dc
0x40c8af,0x4558e0
0x40c8b7,0x4558e4
0x40c8bf,0x4558e8
0x40c8ca,0x4558fc
0x40c8d8,0x4558fc
0x40c8e3,0x4558ec
0x40c8eb,0x4558f0
0x40c8f3,0x4558f4
0x40c8fb,0x4558f8
0x40c90c,0x455900
0x40c918,0x455900
0x40c93c,0x4558a8
0x40c942,0x4558a4
0x40c952,0x419690
0x40c958,0x419694
0x40c95e,0x4558a4
0x40c964,0x4558a8
0x40c96a,0x455898
0x40c971,0x445888
0x40c97d,0x445888
0x40c985,0x441048
0x40c98a,0x441848
0x40c9a9,0x445888
0x40c9b1,0x4558ac
0x40c9b6,0x4558b4
0x40c9bf,0x4558b0
0x40c9c8,0x4558b8
0x40c9e4,0x4558bc
0x40c9ec,0x4558c0
0x40ca07,0x4558c8
0x40ca0c,0x4558cc
0x40ca15,0x4558c4
0x40ca1e,0x4558d0
0x40ca3a,0x4558d4
0x40ca42,0x4558d8
0x40ca5a,0x4558dc
0x40ca62,0x4558e0
0x40ca6a,0x4558e4
0x40ca72,0x4558e8
0x40ca80,0x4558ec
0x40ca88,0x4558f0
0x40ca90,0x4558f4
0x40ca98,0x4558f8
0x40cac1,0x4558a8
0x40cac7,0x4558a4
0x40cae2,0x419690
0x40cae8,0x419694
0x40caee,0x4558a4
0x40caf4,0x4558a8
0x40cafa,0x455898
0x40cb01,0x445888
0x40cb0d,0x445888
0x40cb15,0x441048
0x40cb1a,0x441848
0x40cb36,0x4558ac
0x40cb3b,0x4558b4
0x40cb44,0x4558b0
0x40cb56,0x445888
0x40cb5c,0x4558b8
0x40cb68,0x445888
0x40cb81,0x4558bc
0x40cb8f,0x445888
0x40cb94,0x4558c0
0x40cba2,0x445888
0x40cbba,0x4558c8
0x40cbbf,0x4558cc
0x40cbcd,0x445888
0x40cbd3,0x4558c4
0x40cbdc,0x4558d0
0x40cbf8,0x4558d4
0x40cc00,0x4558d8
0x40cc18,0x4558dc
0x40cc26,0x445888
0x40cc2b,0x4558e0
0x40cc39,0x445888
0x40cc3e,0x4558e4
0x40cc46,0x4558e8
0x40cc54,0x4558ec
0x40cc62,0x445888
0x40cc67,0x4558f0
0x40cc75,0x445888
0x40cc7a,0x4558f4
0x40cc82,0x4558f8
0x40ccab,0x4558a8
0x40ccb1,0x4558a4
0x40ccc2,0x419690
0x40ccc8,0x419694
0x40ccce,0x4558a4
0x40ccd4,0x4558a8
0x40ccda,0x455898
0x40cce1,0x445888
0x40cce8,0x445888
0x40ccf5,0x441048
0x40ccfa,0x441848
0x40cd16,0x4558ac
0x40cd1b,0x4558b4
0x40cd29,0x445888
0x40cd2f,0x4558b0
0x40cd38,0x4558b8
0x40cd54,0x4558bc
0x40cd5c,0x4558c0
0x40cd77,0x4558c8
0x40cd7c,0x4558cc
0x40cd85,0x4558c4
0x40cd97,0x445888
0x40cd9c,0x4558d0
0x40cdaa,0x445888
0x40cdc3,0x4558d4
0x40cdd1,0x445888
0x40cdd6,0x4558d8
0x40cde4,0x445888
0x40cdf9,0x4558dc
0x40ce01,0x4558e0
0x40ce09,0x4558e4
0x40ce17,0x445888
0x40ce1c,0x4558e8
0x40ce2a,0x445888
0x40ce35,0x4558ec
0x40ce3d,0x4558f0
0x40ce45,0x4558f4
0x40ce53,0x445888
0x40ce58,0x4558f8
0x40ce66,0x445888
0x40ce8c,0x4558a8
0x40ce92,0x4558a4
0x40cea2,0x419690
0x40cea8,0x419694
0x40ceae,0x4558a4
0x40ceb4,0x4558a8
0x40ceba,0x455898
0x40cec1,0x445888
0x40cec8,0x445888
0x40ced4,0x445888
0x40cedc,0x441048
0x40cee1,0x441848
0x40cef6,0x4558ac
0x40cefb,0x4558b4
0x40cf04,0x4558b0
0x40cf0d,0x4558b8
0x40cf29,0x4558bc
0x40cf31,0x4558c0
0x40cf4c,0x4558c8
0x40cf51,0x4558cc
0x40cf5a,0x4558c4
0x40cf63,0x4558d0
0x40cf7f,0x4558d4
0x40cf87,0x4558d8
0x40cf9f,0x4558dc
0x40cfa7,0x4558e0
0x40cfaf,0x4558e4
0x40cfb7,0x4558e8
0x40cfc5,0x4558ec
0x40cfcd,0x4558f0
0x40cfd5,0x4558f4
0x40cfdd,0x4558f8
0x40d008,0x4558a8
0x40d00e,0x4558a4
0x40d022,0x419690
0x40d028,0x419694
0x40d02e,0x4558a4
0x40d034,0x4558a8
0x40d03a,0x455898
0x40d041,0x445888
0x40d04d,0x445888
0x40d055,0x441048
0x40d05a,0x441848
0x40d079,0x445888
0x40d081,0x4558ac
0x40d086,0x4558b4
0x40d08f,0x4558b0
0x40d098,0x4558b8
0x40d0b4,0x4558bc
0x40d0bc,0x4558c0
0x40d0d7,0x4558c8
0x40d0dc,0x4558cc
0x40d0e5,0x4558c4
0x40d0f2,0x4558dc
0x40d0fa,0x4558e0
0x40d102,0x4558e4
0x40d10a,0x4558e8
0x40d118,0x4558ec
0x40d120,0x4558f0
0x40d128,0x4558f4
0x40d130,0x4558f8
0x40d159,0x4558a8
0x40d15f,0x4558a4
0x40d172,0x419690
0x40d178,0x419694
0x40d17e,0x4558a4
0x40d184,0x4558a8
0x40d18a,0x455898
0x40d191,0x445888
0x40d19d,0x445888
0x40d1a5,0x441048
0x40d1aa,0x441848
0x40d1c6,0x4558ac
0x40d1cb,0x4558b4
0x40d1d4,0x4558b0
0x40d1e6,0x445888
0x40d1ec,0x4558b8
0x40d1f8,0x445888
0x40d211,0x4558bc
0x40d21f,0x445888
0x40d224,0x4558c0
0x40d232,0x445888
0x40d24a,0x4558c8
0x40d24f,0x4558cc
0x40d25d,0x445888
0x40d263,0x4558c4
0x40d270,0x4558dc
0x40d27e,0x445888
0x40d283,0x4558e0
0x40d291,0x445888
0x40d296,0x4558e4
0x40d29e,0x4558e8
0x40d2ac,0x4558ec
0x40d2ba,0x445888
0x40d2bf,0x4558f0
0x40d2cd,0x445888
0x40d2d2,0x4558f4
0x40d2da,0x4558f8
0x40d303,0x4558a8
0x40d309,0x4558a4
0x40d322,0x419690
0x40d328,0x419694
0x40d32e,0x4558a4
0x40d334,0x4558a8
0x40d33a,0x455898
0x40d341,0x445888
0x40d348,0x445888
0x40d355,0x441048
0x40d35a,0x441848
0x40d376,0x4558ac
0x40d37b,0x4558b4
0x40d389,0x445888
0x40d38f,0x4558b0
0x40d398,0x4558b8
0x40d3b4,0x4558bc
0x40d3bc,0x4558c0
0x40d3d7,0x4558c8
0x40d3dc,0x4558cc
0x40d3e5,0x4558c4
0x40d3f8,0x445888
0x40d3fd,0x4558dc
0x40d405,0x4558e0
0x40d40d,0x4558e4
0x40d41b,0x445888
0x40d420,0x4558e8
0x40d42e,0x445888
0x40d439,0x4558ec
0x40d441,0x4558f0
0x40d449,0x4558f4
0x40d457,0x445888
0x40d45c,0x4558f8
0x40d46a,0x445888
0x40d490,0x4558a8
0x40d496,0x4558a4
0x40d4b2,0x419690
0x40d4b8,0x419694
0x40d4be,0x4558a4
0x40d4c4,0x4558a8
0x40d4ca,0x455898
0x40d4d1,0x445888
0x40d4d8,0x445888
0x40d4e4,0x445888
0x40d4ec,0x441048
0x40d4f1,0x441848
0x40d506,0x4558ac
0x40d50b,0x4558b4
0x40d514,0x4558b0
0x40d51d,0x4558b8
0x40d539,0x4558bc
0x40d541,0x4558c0
0x40d55c,0x4558c8
0x40d561,0x4558cc
0x40d56a,0x4558c4
0x40d577,0x4558dc
0x40d57f,0x4558e0
0x40d587,0x4558e4
0x40d58f,0x4558e8
0x40d59d,0x4558ec
0x40d5a5,0x4558f0
0x40d5ad,0x4558f4
0x40d5b5,0x4558f8
0x40d5e0,0x4558a8
0x40d5e6,0x4558a4
0x40d603,0x441048
0x40d609,0x41b6fc
0x40d60f,0x4196a0
0x40d615,0x4196a4
0x40d61a,0x441848
0x40d706,0x441848
0x40d8c6,0x441848
0x40db22,0x4196ac
0x40dbaa,0x418794
0x40dbb9,0x4181f8
0x40dbcb,0x4185f8
0x40dc56,0x418770
0x40dc65,0x4181f8
0x40dc77,0x4185f8
0x40dc93,0x441048
0x40dc99,0x41b6fc
0x40dc9f,0x4196a0
0x40dca5,0x4196a4
0x40dcaa,0x441848
0x40dda7,0x441848
0x40e007,0x441848
0x40e287,0x455d04
0x40e28f,0x441848
0x40e296,0x441048
0x40e29b,0x441048
0x40e2a0,0x441448
0x40e2a5,0x455904
0x40e3a4,0x455d04
0x40e3ae,0x441848
0x40e3b5,0x441048
0x40e3ba,0x441048
0x40e3bf,0x441448
0x40e3c4,0x455904
0x40e3ca,0x44586c
0x40e534,0x455d04
0x40e53e,0x441848
0x40e545,0x441048
0x40e54a,0x441048
0x40e54f,0x441448
0x40e554,0x455904
0x40e55a,0x455888
0x40e691,0x455d04
0x40e69d,0x455888
0x40e6a3,0x44586c
0x40e6a8,0x441848
0x40e6af,0x441048
0x40e6b4,0x441048
0x40e6b9,0x441448
0x40e6be,0x455904
0x40e854,0x455d04
0x40e85e,0x441848
0x40e865,0x441048
0x40e86a,0x441048
0x40e86f,0x441448
0x40e874,0x455904
0x40e87a,0x455888
0x40e9e1,0x455d04
0x40e9ed,0x455888
0x40e9f3,0x44586c
0x40e9f8,0x441848
0x40e9ff,0x441048
0x40ea04,0x441048
0x40ea09,0x441448
0x40ea0e,0x455904
0x40ebc2,0x418018
0x40ebc8,0x41801c
0x40ebd7,0x45607c
0x40ebe5,0x40fb65
0x40ebef,0x40f7fa
0x40ebeb,0x41bb20
0x40ebf4,0x41bb1c
0x40ebfe,0x40f860
0x40ebfa,0x41bb24
0x40ec08,0x40f7a0
0x40ec04,0x41bb28
0x40ec12,0x40f848
0x40ec0e,0x41bb2c
0x40ec17,0x41bb30
0x40ec59,0x4574dc
0x40ec73,0x41ba20
0x40ec80,0x41bb10
0x40ec8d,0x418088
0x40ec8d,0x418088
0x40eca0,0x457600
0x40ecaa,0x4574dc
0x40ecb3,0x457704
0x40ece5,0x457601
0x40ecf3,0x457600
0x40ed05,0x41ba30
0x40ed26,0x41ba18
0x40ed2c,0x457601
0x40ed4d,0x4574ec
0x40ed57,0x4574dc
0x40ed62,0x41ba24
0x40ed67,0x4574e0
0x40ed6f,0x457704
0x40ed87,0x457601
0x40ed9c,0x457704
0x40eda2,0x4574ec
0x40edae,0x4574ec
0x40edb5,0x4574e0
0x40edc0,0x456080
0x40ede2,0x456080
0x40edee,0x456080
0x40edf8,0x41811c
0x40ee03,0x456080
0x40ee0d,0x41808c
0x40ee17,0x4560d4
0x40ee1d,0x456080
0x40ee60,0x457600
0x40ee6a,0x4574e0
0x40ee6f,0x4574dc
0x40ee74,0x4574ec
0x40ee79,0x457704
0x40ee92,0x4574dc
0x40ee98,0x418088
0x40ee98,0x418088
0x40ef07,0x457704
0x40ef0d,0x4574dc
0x40ef2b,0x4574dc
0x40ef3c,0x457704
0x40ef4f,0x4574dc
0x40ef64,0x457704
0x40ef82,0x457601
0x40ef90,0x457500
0x40ef9d,0x457601
0x40efad,0x457500
0x40efce,0x457601
0x40efda,0x457500
0x40efec,0x457601
0x40effa,0x457500
0x40f008,0x4574ec
0x40f012,0x4574dc
0x40f019,0x4574cc
0x40f02a,0x4574cc
0x40f040,0x4574c4
0x40f08f,0x4574c0
0x40f095,0x418084
0x40f095,0x418084
0x40f186,0x456134
0x40f1c3,0x4574c4
0x40f1d3,0x4574bc
0x40f200,0x41db5c
0x40f22a,0x4574c0
0x40f230,0x4180ec
0x40f230,0x4180ec
0x40f295,0x4573a0
0x40f2b8,0x4560e4
0x40f301,0x4573a0
0x40f462,0x4560e4
0x40f4e4,0x41812c
0x40f4e4,0x41812c
0x40f4ee,0x418128
0x40f4ee,0x418128
0x40f4f9,0x45609a
0x40f506,0x456098
0x40f513,0x456096
0x40f520,0x456092
0x40f52d,0x456090
0x40f534,0x456088
0x40f543,0x4180f0
0x40f543,0x4180f0
0x40f570,0x456090
0x40f57a,0x456088
0x40f5b2,0x41bb10
0x40f5c2,0x41bb10
0x40f5ee,0x4196b8
0x40f5f3,0x41313c
0x40f610,0x418110
0x40f610,0x418110
0x40f61a,0x4560fc
0x40f628,0x4560f8
0x40f633,0x4560f4
0x40f63b,0x4560f0
0x40f65e,0x418124
0x40f65e,0x418124
0x40f663,0x4574d8
0x40f66d,0x4560a0
0x40f689,0x418130
0x40f689,0x418130
0x40f6ac,0x418038
0x40f6ac,0x418038
0x40f6e0,0x4560a8
0x40f6fc,0x41bb14
0x40f705,0x4560a8
0x40f722,0x41810c
0x40f722,0x41810c
0x40f741,0x4196d8
0x40f74a,0x4196d0
0x40f765,0x4196c8
0x40f778,0x4196fc
0x40f77e,0x418038
0x40f77e,0x418038
0x40f787,0x4196e0
0x40f78e,0x418034
0x40f78e,0x418034
0x40f7b7,0x41dc98
0x40f7d2,0x41dca4
0x40f7e2,0x41dc9c
0x40f800,0x41dc9c
0x40f850,0x419708
0x40f8a3,0x4560b0
0x40f8b0,0x4560ac
0x40f926,0x41dc9c
0x40f932,0x419710
0x40f938,0x4560b0
0x40f9a4,0x4560b0
0x40f9b4,0x4560b4
0x40f9be,0x4560ac
0x40fa41,0x41dc9c
0x40fa53,0x4560b0
0x40fa96,0x4560ac
0x40faa3,0x4560b4
0x40fabd,0x4560ac
0x40faca,0x4560b4
0x40fad3,0x4560b8
0x40fadf,0x4560b4
0x40fb21,0x4560b0
0x40fb39,0x4560b0
0x40fb48,0x4560b0
0x40fb5c,0x4560b0
0x40fbe1,0x419720
0x40fbe6,0x41313c
0x40fc05,0x4560dc
0x40fc12,0x41971c
0x40fc1f,0x418120
0x40fc1f,0x418120
0x40fc29,0x4560dc
0x40fc33,0x419718
0x40fc3b,0x418100
0x40fc3b,0x418100
0x40fc49,0x4560dc
0x40fc67,0x4560dc
0x40fc84,0x418100
0x40fc84,0x418100
0x40fc9c,0x4560d4
0x40fcbc,0x418104
0x40fcbc,0x418104
0x40fd14,0x418104
0x40fd14,0x418104
0x40fd2a,0x418120
0x40fd2a,0x418120
0x40fd5d,0x418120
0x40fd5d,0x418120
0x40fdc5,0x418120
0x40fdc5,0x418120
0x40fdea,0x418108
0x40fdea,0x418108
0x40fe30,0x419738
0x40fe35,0x41313c
0x40fe51,0x4560e0
0x40fe64,0x41971c
0x40fe6b,0x4180f4
0x40fe6b,0x4180f4
0x40fe7d,0x419718
0x40fe85,0x4180f8
0x40fe85,0x4180f8
0x40fe95,0x4560e0
0x40fea6,0x4560c4
0x40feb9,0x4180f8
0x40feb9,0x4180f8
0x40fed1,0x4560d4
0x40fef1,0x418104
0x40fef1,0x418104
0x40ff47,0x418104
0x40ff47,0x418104
0x40ff59,0x4180f4
0x40ff59,0x4180f4
0x40ff74,0x41ba08
0x40ff7f,0x41b014
0x40ff84,0x41b008
0x40ff8e,0x41b004
0x40ff93,0x41b000
0x40ffc8,0x45612c
0x40ffd4,0x41806c
0x40ffd4,0x41806c
0x40ffdb,0x4180fc
0x40ffdb,0x4180fc
0x40ffeb,0x456128
0x40fff1,0x456124
0x40fff8,0x4574d4
0x410002,0x4574d0
0x41001b,0x4574d4
0x410023,0x41b020
0x410028,0x41b018
0x410034,0x41b028
0x410039,0x41b024
0x41004f,0x45612c
0x410055,0x41810c
0x410055,0x41810c
0x410081,0x418038
0x410081,0x418038
0x4100c3,0x418030
0x4100c3,0x418030
0x4100f2,0x41975c
0x4100f8,0x418118
0x4100f8,0x418118
0x410131,0x419744
0x410158,0x418114
0x410158,0x418114
0x4101fd,0x4180c8
0x4101fd,0x4180c8
0x410204,0x4574c0
0x410213,0x4574c4
0x410236,0x4574c0
0x41023c,0x4180cc
0x41023c,0x4180cc
0x410250,0x4574c0
0x410256,0x4180ec
0x410256,0x4180ec
0x41025d,0x4574b8
0x41026a,0x4574b0
0x410271,0x4574b4
0x410279,0x4574ac
0x41027f,0x4574bc
0x410285,0x4574a4
0x410290,0x4574b4
0x410298,0x4574b8
0x4104e8,0x4574b0
0x4104f6,0x4574a8
0x4104fc,0x4180c4
0x410516,0x4574a8
0x41051b,0x4574b0
0x41052a,0x4574b0
0x410530,0x4574a8
0x410540,0x4574b0
0x41054b,0x4574b0
0x41055d,0x4574b0
0x410570,0x4574b0
0x41057b,0x4574c0
0x410581,0x418084
0x410581,0x418084
0x410586,0x4574b4
0x41058c,0x4574b8
0x410599,0x4574b0
0x4105b6,0x4574b4
0x4105bc,0x4574b0
0x4105c7,0x4574b8
0x4105cc,0x4574ac
0x4105d5,0x4574a8
0x4105da,0x4574b0
0x4105ea,0x4574b4
0x4105f0,0x4574b8
0x410634,0x4574ac
0x4106da,0x4574ac
0x4108c7,0x4574b0
0x4108d2,0x4574a8
0x4108da,0x4574b0
0x4108ed,0x4574b4
0x4108f3,0x4574a4
0x410909,0x4574b8
0x410910,0x4574c0
0x410916,0x4180bc
0x410916,0x4180bc
0x410920,0x4574a4
0x410926,0x4574b8
0x41092b,0x4574b4
0x410931,0x4574b8
0x410941,0x4574c0
0x41094a,0x4180ec
0x41094a,0x4180ec
0x410964,0x4180c0
0x410964,0x4180c0
0x410975,0x4574c0
0x41097b,0x418084
0x41097b,0x418084
0x41098e,0x4574b4
0x4109f0,0x4180c0
0x4109f0,0x4180c0
0x410d90,0x41bb48
0x410d9c,0x41bb38
0x410dab,0x4574c0
0x410db1,0x4180ec
0x410db1,0x4180ec
0x410dc1,0x4180c0
0x410df8,0x41bb38
0x410e02,0x41bb38
0x410e0a,0x41bb38
0x410e10,0x41bb3c
0x410e18,0x41bb3c
0x410e21,0x41bb3c
0x410e2a,0x41bb3c
0x410eb0,0x4180c4
0x410eb0,0x4180c4
0x410eb6,0x41bb38
0x410ec1,0x4574c0
0x410ec7,0x418084
0x410ec7,0x418084
0x410ee3,0x4180c4
0x410ee3,0x4180c4
0x410ee9,0x41db58
0x410ef3,0x41db58
0x410ef9,0x41bb38
0x410f13,0x4574c0
0x410f19,0x418084
0x410f19,0x418084
0x410f21,0x41bb48
0x410f30,0x41bb3c
0x410f68,0x4180c4
0x410f68,0x4180c4
0x410f75,0x456130
0x410fd5,0x41bb3c
0x410fef,0x41bb38
0x411070,0x456130
0x411076,0x456130
0x41108f,0x41db58
0x411146,0x41db58
0x411153,0x41db58
0x411162,0x41bb38
0x4111c3,0x4180c0
0x4111c3,0x4180c0
0x411218,0x41db58
0x411269,0x41db58
0x4114d3,0x4573a0
0x4114dd,0x41db60
0x411542,0x4574a0
0x41155a,0x4573a0
0x411561,0x4573a0
0x4115ba,0x41803c
0x4115ba,0x41803c
0x4115c4,0x418044
0x4115c4,0x418044
0x4115d1,0x4560e4
0x4115db,0x4560e8
0x41168b,0x41803c
0x41168b,0x41803c
0x411695,0x418044
0x411695,0x418044
0x411713,0x4560e8
0x41171a,0x4560e4
0x411768,0x411878
0x411780,0x411790
0x411787,0x411888
0x41178f,0x41180c
0x411794,0x4117a0
0x411798,0x4117cc
0x41179c,0x4117f0
0x4117c5,0x411878
0x4117eb,0x411878
0x411805,0x411878
0x41180c,0x41186f
0x411810,0x41185c
0x411814,0x411854
0x411818,0x41184c
0x41181c,0x411844
0x411820,0x41183c
0x411824,0x411834
0x411828,0x41182c
0x411872,0x411878
0x411878,0x411888
0x41187c,0x411890
0x411880,0x41189c
0x411884,0x4118b0
0x4118ea,0x411a10
0x4118f5,0x4119c0
0x411910,0x411918
0x411917,0x411a10
0x41191c,0x411928
0x411920,0x411948
0x411924,0x411970
0x411941,0x411a10
0x41196b,0x411a10
0x41199d,0x411a10
0x4119a4,0x4119c4
0x4119a8,0x4119cc
0x4119ac,0x4119d4
0x4119b0,0x4119dc
0x4119b4,0x4119e4
0x4119b8,0x4119ec
0x4119bc,0x4119f4
0x4119c0,0x411a07
0x411a0a,0x411a10
0x411a10,0x411a20
0x411a14,0x411a28
0x411a18,0x411a38
0x411a1c,0x411a4c
0x411a66,0x456138
0x411aa2,0x4573a0
0x411aa8,0x4574a0
0x411ac6,0x4573a0
0x411adb,0x418130
0x411adb,0x418130
0x411b0c,0x4574a0
0x411b13,0x4573a4
0x411b28,0x4574a0
0x411b56,0x4574a0
0x411b60,0x4574a0
0x411b81,0x4180b0
0x411b81,0x4180b0
0x411b96,0x4573a0
0x411bb3,0x4573a0
0x411bda,0x4180b4
0x411bda,0x4180b4
0x411be8,0x4180b0
0x411be8,0x4180b0
0x411c19,0x4574a0
0x411c1f,0x4180b8
0x411c1f,0x4180b8
0x411c32,0x4574a0
0x411c47,0x4573a0
0x411c65,0x4560e4
0x411c7c,0x4180ac
0x411c7c,0x4180ac
0x411c89,0x418044
0x411c89,0x418044
0x411caf,0x4560e8
0x411cb6,0x4560e4
0x411ccf,0x4574a0
0x411ce6,0x4573a0
0x411d2c,0x418068
0x411d2c,0x418068
0x411d36,0x418044
0x411d36,0x418044
0x411d61,0x4560e8
0x411d68,0x4560e4
0x411e4e,0x457380
0x411e55,0x45636c
0x411e9b,0x457380
0x411eb9,0x45628c
0x412006,0x456288
0x412022,0x457380
0x412036,0x45636c
0x412066,0x45636c
0x41206e,0x45636c
0x4120ac,0x41e068
0x4120b8,0x41e088
0x4120c3,0x456288
0x4120d2,0x45613c
0x4120dc,0x45613c
0x4121ae,0x419754
0x4121bd,0x419774
0x4121d3,0x412883
0x412303,0x41dca4
0x4123bd,0x41db6c
0x4124c7,0x41db68
0x41250e,0x41bb1c
0x41252f,0x41bb28
0x412546,0x41bb20
0x4125bb,0x41db68
0x412883,0x412301
0x412887,0x4121d7
0x41288b,0x4121f2
0x41288f,0x41223e
0x412893,0x412275
0x412897,0x41227d
0x41289b,0x4122b2
0x41289f,0x412345
0x412999,0x41e3b4
0x4129e4,0x41e2d0
0x412a06,0x41e2d4
0x412a20,0x41e2d8
0x412a6a,0x456144
0x412a76,0x456144
0x412a88,0x41dbe8
0x412a8e,0x41dbec
0x412aa1,0x41db78
0x412ab2,0x41dbf4
0x412abf,0x41dbf4
0x412ad2,0x41dbf4
0x412ae5,0x41dbf4
0x412af8,0x41dbf4
0x412b0b,0x41dbf4
0x412b1e,0x41dbf4
0x412b31,0x41dbf4
0x412b3b,0x41dbf4
0x412b46,0x41dbf4
0x412b5a,0x456144
0x412b68,0x4180a8
0x412b68,0x4180a8
0x412b75,0x41dbf0
0x412b7b,0x41db70
0x412b81,0x41db70
0x412b8d,0x41db70
0x412ba3,0x41db70
0x412bb4,0x4574cc
0x412bc3,0x4574d8
0x412c0f,0x4574cc
0x412c1e,0x4560a0
0x412c50,0x45610c
0x412c60,0x4560a0
0x412ca3,0x4560a0
0x412caf,0x4560a0
0x412cb9,0x4574c8
0x412ccd,0x4574cc
0x412cdb,0x456148
0x412ce8,0x418114
0x412ce8,0x418114
0x412ced,0x4574d8
0x412cf3,0x45611c
0x412d4e,0x456104
0x412d55,0x456100
0x412d9d,0x457601
0x412de2,0x457601
0x412ec5,0x457601
0x412ede,0x457601
0x412f13,0x45624c
0x412f1b,0x418098
0x412f35,0x45624c
0x412f41,0x41809c
0x412f41,0x41809c
0x412f51,0x45624c
0x412f90,0x418108
0x412fe0,0x4180a0
0x412fe0,0x4180a0
0x412ff3,0x41809c
0x412ff3,0x41809c
0x413031,0x4180a4
0x413031,0x4180a4
0x413050,0x41305c
0x413091,0x413064
0x4130fa,0x413064
0x413114,0x41dbf8
0x41311d,0x41dbf8
0x413215,0x4560a8
0x413224,0x41bb18
0x413236,0x456250
0x41325c,0x41dc08
0x413269,0x41dc98
0x413277,0x41dc08
0x413282,0x4560a8
0x413295,0x41bb18
0x4132bc,0x418114
0x4132bc,0x418114
0x4132cb,0x419ac0
0x41330d,0x419abc
0x413321,0x419aa0
0x41333f,0x419a9c
0x41334b,0x41dc0c
0x413367,0x419a74
0x41337c,0x41dc0c
0x413392,0x4180b4
0x413392,0x4180b4
0x413399,0x418090
0x413399,0x418090
0x41351a,0x41dca4
0x413529,0x41dca4
0x413581,0x4560c4
0x4135b9,0x41dc98
0x4135cb,0x41dca4
0x4135de,0x41dca4
0x41361a,0x4560c4
0x4139ad,0x41deb0
0x4139c3,0x41dec8
0x413bc2,0x456258
0x413bd9,0x456280
0x413be3,0x45625a
0x413be8,0x456278
0x413bf0,0x456258
0x413bf5,0x45627c
0x413bff,0x45625c
0x413bfb,0x456284
0x413c04,0x456278
0x413d68,0x413e78
0x413d80,0x413d90
0x413d87,0x413e88
0x413d8f,0x413e0c
0x413d94,0x413da0
0x413d98,0x413dcc
0x413d9c,0x413df0
0x413dc5,0x413e78
0x413deb,0x413e78
0x413e05,0x413e78
0x413e0c,0x413e6f
0x413e10,0x413e5c
0x413e14,0x413e54
0x413e18,0x413e4c
0x413e1c,0x413e44
0x413e20,0x413e3c
0x413e24,0x413e34
0x413e28,0x413e2c
0x413e72,0x413e78
0x413e78,0x413e88
0x413e7c,0x413e90
0x413e80,0x413e9c
0x413e84,0x413eb0
0x413eea,0x414010
0x413ef5,0x413fc0
0x413f10,0x413f18
0x413f17,0x414010
0x413f1c,0x413f28
0x413f20,0x413f48
0x413f24,0x413f70
0x413f41,0x414010
0x413f6b,0x414010
0x413f9d,0x414010
0x413fa4,0x413fc4
0x413fa8,0x413fcc
0x413fac,0x413fd4
0x413fb0,0x413fdc
0x413fb4,0x413fe4
0x413fb8,0x413fec
0x413fbc,0x413ff4
0x413fc0,0x414007
0x41400a,0x414010
0x414010,0x414020
0x414014,0x414028
0x414018,0x414038
0x41401c,0x41404c
0x414160,0x41dc98
0x414178,0x41dca4
0x41421d,0x41dc98
0x414234,0x41dca4
0x41424c,0x41dc98
0x41425f,0x41dca4
0x414301,0x4560e4
0x4144da,0x456288
0x414524,0x4560e8
0x414529,0x41dee0
0x414536,0x41e048
0x414548,0x4560e4
0x414554,0x41dee4
0x414559,0x4560e4
0x41456e,0x4560e4
0x41457a,0x4560e4
0x41458e,0x4573a0
0x4145c7,0x4574a0
0x4145e1,0x4574a0
0x4145e9,0x4573a0
0x41461f,0x4574a0
0x414633,0x4573a0
0x414644,0x41bb18
0x41466a,0x4180e8
0x41466a,0x4180e8
0x41467a,0x4560e8
0x414681,0x4560e4
0x414696,0x4574a0
0x4146aa,0x4573a0
0x4146c2,0x41bb18
0x4146e4,0x4180e8
0x4146e4,0x4180e8
0x4146f4,0x4560e8
0x4146fb,0x4560e4
0x41470f,0x4574a0
0x414720,0x4573a0
0x414733,0x4560e8
0x41473a,0x4560e4
0x41474c,0x4574a0
0x41475f,0x4573a0
0x414774,0x4180e4
0x414774,0x4180e4
0x41477e,0x418044
0x41477e,0x418044
0x41478b,0x4560e8
0x414791,0x4560e4
0x4147ac,0x4574a0
0x4147c5,0x4573a0
0x414877,0x418090
0x414877,0x418090
0x4148b0,0x4560e4
0x4148b9,0x4560e8
0x4148c4,0x418044
0x4148c4,0x418044
0x4148dc,0x418090
0x4148dc,0x418090
0x4148f1,0x418044
0x4148f1,0x418044
0x41491c,0x4560e4
0x414926,0x4560e8
0x414933,0x4560e8
0x41493a,0x4560e4
0x41494b,0x457380
0x414965,0x457380
0x414973,0x45636c
0x414981,0x457380
0x41498c,0x45636c
0x4149a0,0x41e048
0x4149a6,0x45636c
0x4149b4,0x41e2c8
0x4149bd,0x41e058
0x4149ce,0x4573a0
0x4149e7,0x41e0b8
0x4149f6,0x456124
0x414a44,0x456358
0x414a61,0x4560e4
0x414a6b,0x4560e8
0x414b3f,0x4560ec
0x414b8b,0x4560e8
0x414b92,0x4560e4
0x414bb1,0x418050
0x414bb1,0x418050
0x414bbe,0x4180b0
0x414bbe,0x4180b0
0x414bc9,0x418068
0x414bc9,0x418068
0x414bcf,0x418044
0x414bcf,0x418044
0x414c13,0x4573a0
0x414c47,0x4560e8
0x414cc2,0x4574a0
0x414cd6,0x4573a0
0x414cf0,0x4560c4
0x414d15,0x41dc98
0x414d27,0x4560d4
0x414d2d,0x418108
0x414d2d,0x418108
0x414d3d,0x4560e4
0x414e87,0x41e068
0x414e8f,0x41e088
0x414ee9,0x4573a0
0x414ef3,0x41db60
0x414f4c,0x456348
0x414f5a,0x456348
0x414f6a,0x419b18
0x414f72,0x456290
0x414f78,0x41e378
0x414f7e,0x41e368
0x414f93,0x456298
0x414f99,0x4180f0
0x414f99,0x4180f0
0x414fa6,0x456298
0x414fac,0x4562ec
0x414fb6,0x4562de
0x414fbe,0x41e2d0
0x414fc4,0x456290
0x414fd2,0x41e2d0
0x414fd9,0x456332
0x414fe0,0x456340
0x414fec,0x41e2d4
0x414ff4,0x41e2d8
0x414ffc,0x41e2d4
0x415002,0x41e2d8
0x41500c,0x418108
0x41501b,0x41e35c
0x415021,0x45629c
0x415028,0x4560d4
0x415039,0x41e35c
0x415044,0x41e35c
0x415055,0x41e360
0x41505b,0x4562f0
0x415062,0x4560d4
0x41507b,0x41e360
0x415092,0x456344
0x4150ad,0x456344
0x4150c9,0x456344
0x4150df,0x41e35c
0x4150e9,0x41e35c
0x415113,0x41e2d0
0x41513a,0x41e2d0
0x415142,0x41e2d0
0x415162,0x41e2d0
0x41516a,0x41e2d0
0x415183,0x41e2d0
0x41518d,0x41e2d4
0x415198,0x41e360
0x4151a2,0x41e360
0x4151b0,0x41e360
0x4151c4,0x41e2d4
0x4151dd,0x41e368
0x4151e5,0x41e378
0x4151f1,0x456290
0x4151fe,0x45633e
0x415206,0x456330
0x41520d,0x45633c
0x415215,0x45633a
0x41521d,0x456338
0x415227,0x456334
0x415230,0x456336
0x415238,0x456332
0x415244,0x456336
0x41524d,0x456332
0x41525e,0x4562ea
0x415268,0x4562dc
0x415270,0x4562e8
0x415278,0x4562e6
0x415280,0x4562e4
0x41528a,0x4562e0
0x415293,0x4562e2
0x41529b,0x4562de
0x4152b2,0x4562e2
0x4152bb,0x4562de
0x4152f3,0x41e36c
0x4152f8,0x41e37c
0x415351,0x41e370
0x415360,0x41e380
0x41538e,0x41e380
0x415399,0x41e3b4
0x4153ef,0x41e384
0x4153f7,0x41e3b8
0x41540f,0x41e380
0x415418,0x41e3b4
0x41542a,0x41e36c
0x415436,0x41e368
0x41544a,0x41e370
0x415455,0x41e37c
0x415464,0x41e2d8
0x415475,0x41e380
0x415482,0x41e380
0x415495,0x41e380
0x41549b,0x41e37c
0x4154a1,0x41e378
0x4154c5,0x457601
0x4154d6,0x41dcae
0x4154f0,0x45634c
0x4154f9,0x419b4c
0x4154ff,0x4180d8
0x4154ff,0x4180d8
0x41550b,0x418034
0x415510,0x419b40
0x41551a,0x45634c
0x415521,0x419b30
0x415529,0x419b1c
0x41552f,0x456350
0x415536,0x456354
0x41553b,0x456350
0x41554c,0x456354
0x415568,0x45634c
0x415885,0x415cc0
0x41589c,0x41dc9c
0x4158e7,0x41dc9c
0x41593f,0x41dc9c
0x41595e,0x41dc98
0x415977,0x41dca4
0x4159a7,0x41dc9c
0x4159cf,0x41dc98
0x4159e8,0x41dca4
0x415a2d,0x41dc98
0x415a49,0x41dca4
0x415b1a,0x41dc98
0x415b32,0x41dca4
0x415b64,0x41dc98
0x415b7c,0x41dca4
0x415cc0,0x415889
0x415cc4,0x4158d8
0x415cc8,0x41592f
0x415ccc,0x415959
0x415cd0,0x4159b4
0x415cd4,0x415a2b
0x415cd8,0x415a61
0x415cdc,0x415aab
0x415ce0,0x415a8a
0x415ce4,0x415b0f
0x415ce8,0x415af9
0x415cec,0x415ac5
0x415d9e,0x419b70
0x415db8,0x419b68
0x415dc9,0x419b60
0x415de6,0x419b58
0x415f89,0x4560c4
0x415fbb,0x41dc98
0x415fcf,0x41dca4
0x415fe3,0x41dca4
0x416024,0x4560c4
0x416078,0x4574c4
0x416086,0x4574bc
0x4160a2,0x41db5c
0x4160bf,0x4574c0
0x4160c5,0x4180ec
0x4160c5,0x4180ec
0x4160d1,0x456134
0x416109,0x457380
0x416110,0x45636c
0x416134,0x45636c
0x416141,0x45636c
0x41614d,0x457380
0x41616e,0x4574a0
0x416185,0x4573a0
0x416219,0x4560e8
0x416222,0x4560e4
0x416253,0x4180d4
0x416253,0x4180d4
0x416267,0x4560e4
0x416271,0x418044
0x416271,0x418044
0x416276,0x4560e8
0x41628f,0x4560e4
0x4162a8,0x41dc98
0x4162c3,0x41dca4
0x4162ec,0x41dc98
0x416300,0x41dca4
0x4163b6,0x4574c8
0x4163bf,0x45610c
0x4163cc,0x456114
0x4163dd,0x45610c
0x416659,0x41e3f0
0x41666d,0x41e550
0x4166d4,0x4574a0
0x4166e5,0x4573a0
0x41672a,0x4560e4
0x416736,0x4560e4
0x416793,0x4574dc
0x4167a7,0x457704
0x4167c9,0x456114
0x4167d8,0x418108
0x416837,0x419b78
0x41683c,0x41313c
0x41685b,0x45635c
0x416866,0x41971c
0x416871,0x4180dc
0x416871,0x4180dc
0x41687b,0x45635c
0x416883,0x419718
0x41688e,0x4180d0
0x41688e,0x4180d0
0x41689c,0x45635c
0x4168d1,0x45635c
0x4168ec,0x4180d0
0x4168ec,0x4180d0
0x416903,0x4560d4
0x41693d,0x418088
0x41693d,0x418088
0x4169bc,0x418104
0x4169bc,0x418104
0x416a17,0x418104
0x416a7c,0x418104
0x416a7c,0x418104
0x416a94,0x4180dc
0x416a94,0x4180dc
0x416ad8,0x45610c
0x416ae6,0x456110
0x416af4,0x45610c
0x416b03,0x456114
0x416b2d,0x45610c
0x416b37,0x456114
0x416b48,0x456114
0x416b55,0x45610c
0x416bde,0x45610c
0x416c23,0x418080
0x416c23,0x418080
0x416c38,0x45610c
0x416c74,0x45610c
0x416c84,0x45610c
0x416d25,0x4574c4
0x416d52,0x4574bc
0x416db6,0x4574c0
0x416dbc,0x4180ec
0x416dbc,0x4180ec
0x416e00,0x4574c0
0x416e06,0x4180bc
0x416e06,0x4180bc
0x416e12,0x456134
0x416e7b,0x41db5c
0x416ede,0x4574c0
0x416ee4,0x4180ec
0x416ee4,0x4180ec
0x416f1d,0x4574c0
0x416f23,0x4180bc
0x416f23,0x4180bc
0x416f33,0x456134
0x416f6b,0x4574c0
0x416f71,0x4180bc
0x416f71,0x4180bc
0x416f7b,0x456134
0x416f99,0x4574ec
0x416fc0,0x457601
0x417034,0x418094
0x4196bc,0x40f6bf
0x4196c0,0x40f6d3
0x419724,0x40fceb
0x419728,0x40fcef
0x419730,0x40fd9f
0x419734,0x40fda3
0x41973c,0x40ff23
0x419740,0x40ff27
0x419b7c,0x4169e8
0x419b80,0x4169ec
0x419b88,0x416a57
0x419b8c,0x416a5b
0x41b00c,0x40f017
0x41b010,0x41494a
0x41b01c,0x4149ef
0x41b140,0x41b100
0x41b158,0x41b118
0x41b1f0,0x404a80
0x41b1fc,0x404980
0x41b208,0x4049e0
0x41ba08,0x40ebcc
0x41ba0c,0x40ebe3
0x41ba10,0x40ebe3
0x41bb14,0x40ffb1
0x41bb1c,0x4140eb
0x41bb20,0x4140eb
0x41bb24,0x4140eb
0x41bb28,0x4140eb
0x41bb2c,0x4140eb
0x41bb30,0x4140eb
0x41bb38,0x41bb38
0x41bb3c,0x41bb38
0x41bb40,0x41bb50
0x41bb44,0x41bb50
0x41db58,0x41bb38
0x41db68,0x4197e0
0x41db6c,0x4197d0
0x41dc0c,0x419a4c
0x41dc14,0x419a20
0x41dc1c,0x4199f4
0x41dc24,0x4199d0
0x41dc2c,0x4199a4
0x41dc34,0x419974
0x41dc3c,0x419950
0x41dc44,0x419924
0x41dc4c,0x4198ec
0x41dc54,0x4198c4
0x41dc5c,0x41988c
0x41dc64,0x419854
0x41dc6c,0x41982c
0x41dc74,0x41981c
0x41dc7c,0x41980c
0x41dc84,0x4197fc
0x41dc8c,0x4197f8
0x41dc94,0x4197e8
0x41dca4,0x41dcae
0x41dca8,0x41dcae
0x41e048,0x456380
0x41e050,0x456380
0x41e35c,0x41e2dc
0x41e360,0x41e31c
